"id";"secteurstatistique_code";"secteurstatistique_nom_fr";"secteurstatistique_nom_nl";"quartier_code";"quartier_nom_fr";"quartier_nom_nl";"commune_code";"commune_nom_fr";"commune_nom_nl"
1;"21004A001";GRAND-PLACE;GROTE MARKT;1;GRAND PLACE;GROTE MARKT;21004;BRUXELLES;BRUSSEL
2;"21004A002";BOURSE;BEURS;1;GRAND PLACE;GROTE MARKT;21004;BRUXELLES;BRUSSEL
3;"21004A01-";VIEILLE HALLE AUX BLES;OUD KORENHUIS;1;GRAND PLACE;GROTE MARKT;21004;BRUXELLES;BRUSSEL
4;"21004A34-";MONNAIE;MUNT;1;GRAND PLACE;GROTE MARKT;21004;BRUXELLES;BRUSSEL
5;"21004A20-";BOURSE-NORD-OUEST;BEURS-NOORDWEST;2;DANSAERT;DANSAERT;21004;BRUXELLES;BRUSSEL
6;"21004A23-";NOUVEAU MARCHE AU GRAIN;NIEUWE GRAANMARKT;2;DANSAERT;DANSAERT;21004;BRUXELLES;BRUSSEL
7;"21004A24-";MARCHE AU PORCS;VARKENSMARKT;2;DANSAERT;DANSAERT;21004;BRUXELLES;BRUSSEL
8;"21004A25-";BEGUINAGE (PLACE DU);BEGIJNHOFPLEIN;3;BEGUINAGE - DIXMUDE;BEGIJNHOF - DIKSMUIDE;21004;BRUXELLES;BRUSSEL
9;"21004A811";QUAI DU COMMERCE;HANDELSKAAI;3;BEGUINAGE - DIXMUDE;BEGIJNHOF - DIKSMUIDE;21004;BRUXELLES;BRUSSEL
10;"21004A822";RUE DES COMMERCANTS;KOOPLIEDENSTRAAT;3;BEGUINAGE - DIXMUDE;BEGIJNHOF - DIKSMUIDE;21004;BRUXELLES;BRUSSEL
11;"21004A83-";E. JACQMAIN (BOULEVARD)-OUEST;E. JACQMAINLAAN-WEST;3;BEGUINAGE - DIXMUDE;BEGIJNHOF - DIKSMUIDE;21004;BRUXELLES;BRUSSEL
12;"21004A32-";CONGRES - GARE;CONGRES - STATION;4;MARTYRS;MARTELAARS;21004;BRUXELLES;BRUSSEL
13;"21004A35-";AD. MAX (BOULEVARD);AD. MAXLAAN;4;MARTYRS;MARTELAARS;21004;BRUXELLES;BRUSSEL
14;"21004A33-";LIBERTE (PLACE DE LA);VRIJHEIDSPLEIN;5;NOTRE-DAME AUX NEIGES;ONZE LIEVE VROUW TER SNEEUW;21004;BRUXELLES;BRUSSEL
15;"21004A3MJ";CITE ADMINISTRATIVE ET CONGRES;RIJKSADMIN. CENTRUM EN CONGRES;5;NOTRE-DAME AUX NEIGES;ONZE LIEVE VROUW TER SNEEUW;21004;BRUXELLES;BRUSSEL
16;"21004A10-";GARE CENTRALE;CENTRAAL STATION;6;QUARTIER ROYAL;KONINGSWIJK;21004;BRUXELLES;BRUSSEL
17;"21004A12-";REGENT (BOULEVARD DU);REGENTLAAN;6;QUARTIER ROYAL;KONINGSWIJK;21004;BRUXELLES;BRUSSEL
18;"21004A19-";PARC DE BRUXELLES;WARANDEPARK;6;QUARTIER ROYAL;KONINGSWIJK;21004;BRUXELLES;BRUSSEL
19;"21004A1MJ";COLONIES (RUE DES);KOLONIENSTRAAT;6;QUARTIER ROYAL;KONINGSWIJK;21004;BRUXELLES;BRUSSEL
20;"21004A30-";SAINT-MICHEL ET GUDULE;SINT-MICHEL EN GOEDELE;6;QUARTIER ROYAL;KONINGSWIJK;21004;BRUXELLES;BRUSSEL
21;"21004A13-";PETIT SABLON;KLEINE ZAVEL;7;SABLON;ZAVEL;21004;BRUXELLES;BRUSSEL
22;"21004A14-";GRAND SABLON;GROTE ZAVEL;7;SABLON;ZAVEL;21004;BRUXELLES;BRUSSEL
23;"21004A04-";NOTRE-DAME DE LA CHAPELLE;KAPELLEKERK;8;MAROLLES;MAROLLEN;21004;BRUXELLES;BRUSSEL
24;"21004A15-";JACOBS (PLACE);JACOBSPLEIN;8;MAROLLES;MAROLLEN;21004;BRUXELLES;BRUSSEL
25;"21004A16-";PALAIS JUSTICE-HOP. ST.-PIERRE;JUSTITIEPALEIS - SINT-PIETERS HOSPITAAL;8;MAROLLES;MAROLLEN;21004;BRUXELLES;BRUSSEL
26;"21004A70-";BLAES (RUE)-SUD;BLAESSTRAAT-ZUID;8;MAROLLES;MAROLLEN;21004;BRUXELLES;BRUSSEL
27;"21004A71-";BLAES (RUE)-CENTRE;BLAESSTRAAT-CENTRUM;8;MAROLLES;MAROLLEN;21004;BRUXELLES;BRUSSEL
28;"21004A72-";SAINT-THOMAS (INSTITUT);SINT-THOMAS (INSTITUUT);8;MAROLLES;MAROLLEN;21004;BRUXELLES;BRUSSEL
29;"21004A02-";SAINT-FRANCOIS XAVIER;SINT-FRANCISCUS XAVERIUS;9;STALINGRAD;STALINGRAD;21004;BRUXELLES;BRUSSEL
30;"21004A03-";BON SECOURS - PALAIS DU MIDI;BIJSTAND - ZUID PALEIS;9;STALINGRAD;STALINGRAD;21004;BRUXELLES;BRUSSEL
31;"21004A21-";ANNEESSENS (PLACE);ANNEESSENSPLEIN;10;ANNEESSENS;ANNEESSENS;21004;BRUXELLES;BRUSSEL
32;"21004A22-";SENNE (RUE DE LA);ZENNESTRAAT;10;ANNEESSENS;ANNEESSENS;21004;BRUXELLES;BRUSSEL
33;"21001B20-";CONSEIL-NORD;RAAD-NOORD;11;CUREGHEM BARA;KUREGEM BARA;21001;ANDERLECHT;ANDERLECHT
34;"21001B21-";BROGNIEZ-NORD;BROGNIEZ-NOORD;11;CUREGHEM BARA;KUREGEM BARA;21001;ANDERLECHT;ANDERLECHT
35;"21001B22-";BROGNIEZ-SUD;BROGNIEZ-ZUID;11;CUREGHEM BARA;KUREGEM BARA;21001;ANDERLECHT;ANDERLECHT
36;"21001B23-";CONSEIL-SUD;RAAD-ZUID;11;CUREGHEM BARA;KUREGEM BARA;21001;ANDERLECHT;ANDERLECHT
37;"21013A612";JAMAR;JAMAR;11;CUREGHEM BARA;KUREGEM BARA;21013;SAINT-GILLES;SINT-GILLIS
38;"21013A623";FRANCE (RUE DE);FRANKRIJKSTRAAT;11;CUREGHEM BARA;KUREGEM BARA;21013;SAINT-GILLES;SINT-GILLIS
39;"21001B241";REVISION-SUD;HERZIENING-ZUID;12;CUREGHEM VETERINAIRE;KUREGEM VEEARTSENIJ;21001;ANDERLECHT;ANDERLECHT
40;"21001B25-";REVISION-NORD;HERZIENING-NOORD;12;CUREGHEM VETERINAIRE;KUREGEM VEEARTSENIJ;21001;ANDERLECHT;ANDERLECHT
41;"21001B31K";ALBERT I- IMMEUBLES;ALBERT I - FLATGEBOUWEN;12;CUREGHEM VETERINAIRE;KUREGEM VEEARTSENIJ;21001;ANDERLECHT;ANDERLECHT
42;"21001B32K";ALBERT I- QUARTIER;ALBERT I - BUURT;12;CUREGHEM VETERINAIRE;KUREGEM VEEARTSENIJ;21001;ANDERLECHT;ANDERLECHT
43;"21001B332";GOUJONS;GRONDELS;12;CUREGHEM VETERINAIRE;KUREGEM VEEARTSENIJ;21001;ANDERLECHT;ANDERLECHT
44;"21001B372";DEUX GARES;TWEESTATIONS;12;CUREGHEM VETERINAIRE;KUREGEM VEEARTSENIJ;21001;ANDERLECHT;ANDERLECHT
45;"21001B10-";ROSEE-EST;DAUW-OOST;13;CUREGHEM ROSEE;KUREGEM DAUW;21001;ANDERLECHT;ANDERLECHT
46;"21001B11-";ROSEE-OUEST;DAUW-WEST;13;CUREGHEM ROSEE;KUREGEM DAUW;21001;ANDERLECHT;ANDERLECHT
47;"21001B17-";ABATTOIR;SLACHTHUIS;13;CUREGHEM ROSEE;KUREGEM DAUW;21001;ANDERLECHT;ANDERLECHT
48;"21012A11-";INDUSTRIE;INDUSTRIE;13;CUREGHEM ROSEE;KUREGEM DAUW;21012;MOLENBEEK-SAINT-JEAN;SINT-JANS-MOLENBEEK
49;"21012A10-";DUCHESSE DE BRABANT;HERTOGIN VAN BRABANT;14;DUCHESSE;HERTOGIN;21012;MOLENBEEK-SAINT-JEAN;SINT-JANS-MOLENBEEK
50;"21012A12-";BIRMINGHAM-SUD;BIRMINGHAM-ZUID;14;DUCHESSE;HERTOGIN;21012;MOLENBEEK-SAINT-JEAN;SINT-JANS-MOLENBEEK
51;"21012A13-";BIRMINGHAM-NORD;BIRMINGHAM-NOORD;14;DUCHESSE;HERTOGIN;21012;MOLENBEEK-SAINT-JEAN;SINT-JANS-MOLENBEEK
52;"21012A141";INDEPENDANCE;ONAFHANKELIJKHEID;15;GARE DE L'OUEST;WESTSTATION;21012;MOLENBEEK-SAINT-JEAN;SINT-JANS-MOLENBEEK
53;"21012A152";ETANGS NOIRS;ZWARTE VIJVERS;15;GARE DE L'OUEST;WESTSTATION;21012;MOLENBEEK-SAINT-JEAN;SINT-JANS-MOLENBEEK
54;"21012A172";GARE OUEST;WEST-STATION;15;GARE DE L'OUEST;WESTSTATION;21012;MOLENBEEK-SAINT-JEAN;SINT-JANS-MOLENBEEK
55;"21012A2MJ";CHEMIN DE FER;SPOORWEG;15;GARE DE L'OUEST;WESTSTATION;21012;MOLENBEEK-SAINT-JEAN;SINT-JANS-MOLENBEEK
56;"21012A00-";CENTRE;CENTRUM;16;MOLENBEEK HISTORIQUE;HISTORISCH MOLENBEEK;21012;MOLENBEEK-SAINT-JEAN;SINT-JANS-MOLENBEEK
57;"21012A011";CANAL-SUD;KANAAL-ZUID;16;MOLENBEEK HISTORIQUE;HISTORISCH MOLENBEEK;21012;MOLENBEEK-SAINT-JEAN;SINT-JANS-MOLENBEEK
58;"21012A02-";BRUNFAUT (QUARTIER);BRUNFAUTWIJK;16;MOLENBEEK HISTORIQUE;HISTORISCH MOLENBEEK;21012;MOLENBEEK-SAINT-JEAN;SINT-JANS-MOLENBEEK
59;"21012A03-";RANSFORT;RANSFORT;16;MOLENBEEK HISTORIQUE;HISTORISCH MOLENBEEK;21012;MOLENBEEK-SAINT-JEAN;SINT-JANS-MOLENBEEK
60;"21012A041";QUATRE VENTS;VIER WINDEN;16;MOLENBEEK HISTORIQUE;HISTORISCH MOLENBEEK;21012;MOLENBEEK-SAINT-JEAN;SINT-JANS-MOLENBEEK
61;"21012A05-";SAINT-JOSEPH;SINT-JOZEF;16;MOLENBEEK HISTORIQUE;HISTORISCH MOLENBEEK;21012;MOLENBEEK-SAINT-JEAN;SINT-JANS-MOLENBEEK
62;"21012A71-";PIERS;PIERS;16;MOLENBEEK HISTORIQUE;HISTORISCH MOLENBEEK;21012;MOLENBEEK-SAINT-JEAN;SINT-JANS-MOLENBEEK
63;"21012A72-";LAVALLEE;LAVALLEE;16;MOLENBEEK HISTORIQUE;HISTORISCH MOLENBEEK;21012;MOLENBEEK-SAINT-JEAN;SINT-JANS-MOLENBEEK
64;"21012A732";CANAL-NORD;KANAAL-NOORD;16;MOLENBEEK HISTORIQUE;HISTORISCH MOLENBEEK;21012;MOLENBEEK-SAINT-JEAN;SINT-JANS-MOLENBEEK
65;"21011A00-";VANHUFFEL;VANHUFFEL;17;KOEKELBERG;KOEKELBERG;21011;KOEKELBERG;KOEKELBERG
66;"21011A01-";SAINTE-ANNE;SINT-ANNA;17;KOEKELBERG;KOEKELBERG;21011;KOEKELBERG;KOEKELBERG
67;"21011A02-";JACQUET (RUE DE);JACQUETSTRAAT;17;KOEKELBERG;KOEKELBERG;21011;KOEKELBERG;KOEKELBERG
68;"21004D63K";BASSIN VERGOTE;VERGOTEDOK;18;QUARTIER MARITIME;HAVENWIJK;21004;BRUXELLES;BRUSSEL
69;"21004D63L";QUAI DES PENICHES;AKENKAAI;18;QUARTIER MARITIME;HAVENWIJK;21004;BRUXELLES;BRUSSEL
70;"21004D6NK";CENTRE TIR;TIR-CENTRUM;18;QUARTIER MARITIME;HAVENWIJK;21004;BRUXELLES;BRUSSEL
71;"21004D6NL";TOUR ET TAXIS;THURN EN TAXIS;18;QUARTIER MARITIME;HAVENWIJK;21004;BRUXELLES;BRUSSEL
72;"21012A60-";LAEKENVELD;LAKENVELD;18;QUARTIER MARITIME;HAVENWIJK;21012;MOLENBEEK-SAINT-JEAN;SINT-JANS-MOLENBEEK
73;"21012A611";MEXICO;MEXICO;18;QUARTIER MARITIME;HAVENWIJK;21012;MOLENBEEK-SAINT-JEAN;SINT-JANS-MOLENBEEK
74;"21012A62-";LIBERATEURS;BEVRIJDERS;18;QUARTIER MARITIME;HAVENWIJK;21012;MOLENBEEK-SAINT-JEAN;SINT-JANS-MOLENBEEK
75;"21012A63-";DUBRUCQ-NORD;DUBRUCQ-NOORD;18;QUARTIER MARITIME;HAVENWIJK;21012;MOLENBEEK-SAINT-JEAN;SINT-JANS-MOLENBEEK
76;"21012A672";ULENS;ULENS;18;QUARTIER MARITIME;HAVENWIJK;21012;MOLENBEEK-SAINT-JEAN;SINT-JANS-MOLENBEEK
77;"21004E74-";EM. DELVA (RUE);EM. DELVASTRAAT;19;VIEUX LAEKEN OUEST;OUD LAKEN WEST;21004;BRUXELLES;BRUSSEL
78;"21004E101";PARVIS NOTRE DAME;ONZE-LIEVE-VROUWVOORPLEIN;20;VIEUX LAEKEN EST;OUD LAKEN OOST;21004;BRUXELLES;BRUSSEL
79;"21004E112";RUE DES CHRYSANTHEMES;CHRYSANTENSTRAAT;20;VIEUX LAEKEN EST;OUD LAKEN OOST;21004;BRUXELLES;BRUSSEL
80;"21004E193";N.D. DE LAEKEN;O.L.V. VAN LAEKEN;20;VIEUX LAEKEN EST;OUD LAKEN OOST;21004;BRUXELLES;BRUSSEL
81;"21004E70-";MARIE-CHRISTINE (RUE);MARIA-CHRISTINASTRAAT;20;VIEUX LAEKEN EST;OUD LAKEN OOST;21004;BRUXELLES;BRUSSEL
82;"21004E72-";MAISON ROUGE (PLACE)-SUD;ROODHUISPLEIN-ZUID;20;VIEUX LAEKEN EST;OUD LAKEN OOST;21004;BRUXELLES;BRUSSEL
83;"21004E73-";EM. BOCKSTAEL (BOULEVARD)-SUD;EM. BOCKSTAELLAAN-ZUID;20;VIEUX LAEKEN EST;OUD LAKEN OOST;21004;BRUXELLES;BRUSSEL
84;"21004D600";PARVIS SAINT-ROCH;SINT-ROCHUS VOORPLEIN;21;QUARTIER NORD;NOORDWIJK;21004;BRUXELLES;BRUSSEL
85;"21004D610";ANVERS (CHAUSSEE D')-SUD;ANTWERPSE STEENWEG-ZUID;21;QUARTIER NORD;NOORDWIJK;21004;BRUXELLES;BRUSSEL
86;"21004D62-";ANVERS (CHAUSSEE D')-NORD;ANTWERPSE STEENWEG-NOORD;21;QUARTIER NORD;NOORDWIJK;21004;BRUXELLES;BRUSSEL
87;"21004D64-";MASUI (PLACE)-NORD;MASUIPLEIN-NORD;21;QUARTIER NORD;NOORDWIJK;21004;BRUXELLES;BRUSSEL
88;"21004D672";QUAI DE WILLEBROECK;WILLEBROEKSE KAAI;21;QUARTIER NORD;NOORDWIJK;21004;BRUXELLES;BRUSSEL
89;"21014A13-";ROGIER;ROGIER;21;QUARTIER NORD;NOORDWIJK;21014;SAINT-JOSSE-TEN-NOODE;SINT-JOOST-TEN-NODE
90;"21014A2MJ";NORD;NOORD;21;QUARTIER NORD;NOORDWIJK;21014;SAINT-JOSSE-TEN-NOODE;SINT-JOOST-TEN-NODE
91;"21014A3MJ";MANHATTAN;MANHATTAN;21;QUARTIER NORD;NOORDWIJK;21014;SAINT-JOSSE-TEN-NOODE;SINT-JOOST-TEN-NODE
92;"21015A43-";GARE DU NORD;NOORDSTATION;21;QUARTIER NORD;NOORDWIJK;21015;SCHAERBEEK;SCHAARBEEK
93;"21015A44-";REINE (AVENUE);KONINGINNELAAN;21;QUARTIER NORD;NOORDWIJK;21015;SCHAERBEEK;SCHAARBEEK
94;"21014A10-";SAINT-FRANCOIS;SINT-FRANCISCUS;22;QUARTIER BRABANT;BRABANTWIJK;21014;SAINT-JOSSE-TEN-NOODE;SINT-JOOST-TEN-NODE
95;"21014A12-";SAINT-LAZARE;SINT-LAZARUS;22;QUARTIER BRABANT;BRABANTWIJK;21014;SAINT-JOSSE-TEN-NOODE;SINT-JOOST-TEN-NODE
96;"21014A14-";PRAIRIE;WEIDE;22;QUARTIER BRABANT;BRABANTWIJK;21014;SAINT-JOSSE-TEN-NOODE;SINT-JOOST-TEN-NODE
97;"21015A40-";BRABANT (RUE DE);BRABANTSTRAAT;22;QUARTIER BRABANT;BRABANTWIJK;21015;SCHAERBEEK;SCHAARBEEK
98;"21015A41-";VANDERLINDEN (RUE);VANDERLINDENSTRAAT;22;QUARTIER BRABANT;BRABANTWIJK;21015;SCHAERBEEK;SCHAARBEEK
99;"21015A421";PALAIS (RUE DE);PALEIZENSTRAAT;22;QUARTIER BRABANT;BRABANTWIJK;21015;SCHAERBEEK;SCHAARBEEK
100;"21015A45-";STEPHENSON (PLACE);STEPHENSONPLEIN;22;QUARTIER BRABANT;BRABANTWIJK;21015;SCHAERBEEK;SCHAARBEEK
101;"21015A612";BRICHAUT (RUE DE);BRICHAUTSTRAAT;22;QUARTIER BRABANT;BRABANTWIJK;21015;SCHAERBEEK;SCHAARBEEK
102;"21015A00-";COLIGNON (PLACE);COLIGNONPLEIN;23;COLLIGNON;COLLIGNON;21015;SCHAERBEEK;SCHAARBEEK
103;"21015A01-";VAN YSENDYCK (RUE);VAN YSENDYCKSTRAAT;23;COLLIGNON;COLLIGNON;21015;SCHAERBEEK;SCHAARBEEK
104;"21015A021";HOUFFALIZE (PLACE);HOUFFALIZEPLEIN;23;COLLIGNON;COLLIGNON;21015;SCHAERBEEK;SCHAARBEEK
105;"21015A13-";PORTAELS (RUE);PORTAELSSTRAAT;23;COLLIGNON;COLLIGNON;21015;SCHAERBEEK;SCHAARBEEK
106;"21015A24-";WAELHEM (RUE);WAELHEMSTRAAT;23;COLLIGNON;COLLIGNON;21015;SCHAERBEEK;SCHAARBEEK
107;"21015A622";BRUSILIA;BRUSILIA;23;COLLIGNON;COLLIGNON;21015;SCHAERBEEK;SCHAARBEEK
108;"21014A04-";HAECHT (CHAUSSEE DE);HAACHTSE STEENWEG;24;CHAUSSEE DE HAECHT;HAACHTSE STEENWEG;21014;SAINT-JOSSE-TEN-NOODE;SINT-JOOST-TEN-NODE
109;"21015A03-";JOSAPHAT (RUE);JOSAPHATSTRAAT;24;CHAUSSEE DE HAECHT;HAACHTSE STEENWEG;21015;SCHAERBEEK;SCHAARBEEK
110;"21015A04-";L'OLIVIER (RUE);L'OLIVIERSTRAAT;24;CHAUSSEE DE HAECHT;HAACHTSE STEENWEG;21015;SCHAERBEEK;SCHAARBEEK
111;"21015A05-";ROYALE SAINTE-MARIE (RUE);KONINKLIJKE SINT-MARIASTRAAT;24;CHAUSSEE DE HAECHT;HAACHTSE STEENWEG;21015;SCHAERBEEK;SCHAARBEEK
112;"21014A00-";PLACE SAINT-JOSSE;SINT-JOOST PLAATS;25;SAINT-JOSSE CENTRE;SINT-JOOST CENTRUM;21014;SAINT-JOSSE-TEN-NOODE;SINT-JOOST-TEN-NODE
113;"21014A01-";STEURS;STEURS;25;SAINT-JOSSE CENTRE;SINT-JOOST CENTRUM;21014;SAINT-JOSSE-TEN-NOODE;SINT-JOOST-TEN-NODE
114;"21014A02-";CHARITE;LIEFDADIGHEID;25;SAINT-JOSSE CENTRE;SINT-JOOST CENTRUM;21014;SAINT-JOSSE-TEN-NOODE;SINT-JOOST-TEN-NODE
115;"21014A03-";MADOU;MADOU;25;SAINT-JOSSE CENTRE;SINT-JOOST CENTRUM;21014;SAINT-JOSSE-TEN-NOODE;SINT-JOOST-TEN-NODE
116;"21014A05-";HOUWAERT;HOUWAERT;25;SAINT-JOSSE CENTRE;SINT-JOOST CENTRUM;21014;SAINT-JOSSE-TEN-NOODE;SINT-JOOST-TEN-NODE
117;"21014A41-";BOSSUET;BOSSUET;25;SAINT-JOSSE CENTRE;SINT-JOOST CENTRUM;21014;SAINT-JOSSE-TEN-NOODE;SINT-JOOST-TEN-NODE
118;"21015A30-";GRANDE RUE AU BOIS;GROTE BOSSTRAAT;26;DAILLY;DAILLY;21015;SCHAERBEEK;SCHAARBEEK
119;"21015A31-";PATRIE;VADERLAND;26;DAILLY;DAILLY;21015;SCHAERBEEK;SCHAARBEEK
120;"21015A32-";CONSOLATION (RUE DE LA);TROOSTSTRAAT;26;DAILLY;DAILLY;21015;SCHAERBEEK;SCHAARBEEK
121;"21015A33-";BIENFAITEURS (PLACE DE);WELDOENERSPLEIN;26;DAILLY;DAILLY;21015;SCHAERBEEK;SCHAARBEEK
122;"21015A53-";DAILLY (PLACE);DAILLYPLEIN;26;DAILLY;DAILLY;21015;SCHAERBEEK;SCHAARBEEK
123;"21015A64-";DUPLOYE SQUARE;DUPLOYE SQUARE;26;DAILLY;DAILLY;21015;SCHAERBEEK;SCHAARBEEK
124;"21015A34-";PAQUERETTES (RUE);MADELIEFJESSTRAAT;27;JOSAPHAT;JOSAPHAT;21015;SCHAERBEEK;SCHAARBEEK
125;"21015A35-";JEAN STOBBAERTS (AVENUE);JEAN STOBBAERTSLAAN;27;JOSAPHAT;JOSAPHAT;21015;SCHAERBEEK;SCHAARBEEK
126;"21015A36-";CAMBIER (AVENUE E.);CAMBIER E. STRAAT;27;JOSAPHAT;JOSAPHAT;21015;SCHAERBEEK;SCHAARBEEK
127;"21015A63-";DESCHANEL P. (AVENUE);P. DESCHANELLAAN;27;JOSAPHAT;JOSAPHAT;21015;SCHAERBEEK;SCHAARBEEK
128;"21015A50-";OPALE;OPAAL;28;PLASKY;PLASKY;21015;SCHAERBEEK;SCHAARBEEK
129;"21015A54-";EMERAUDE (AVENUE);SMARAGDLAAN;28;PLASKY;PLASKY;21015;SCHAERBEEK;SCHAARBEEK
130;"21004B411";DEUX EGLISES (RUE DES);TWEEKERKENSTRAAT;29;SQUARES;SQUARES;21004;BRUXELLES;BRUSSEL
131;"21004B421";MARIE-LOUISE (SQUARE);MARIE-LOUISESQUARE;29;SQUARES;SQUARES;21004;BRUXELLES;BRUSSEL
132;"21004B43-";AMBIORIX-NORD (SQUARE);AMBIORIXSQUARE-NOORD;29;SQUARES;SQUARES;21004;BRUXELLES;BRUSSEL
133;"21004B44-";AMBIORIX-SUD (SQUARE);AMBIORIXSQUARE-ZUID;29;SQUARES;SQUARES;21004;BRUXELLES;BRUSSEL
134;"21004B45-";ERM;KMS;30;PORTE TERVUEREN;TERVURENSE POORT;21004;BRUXELLES;BRUSSEL
135;"21005A20-";PORTE DE TERVUEREN - TONGRES;TERVURENSEPOORT - TONGERENSTR.;30;PORTE TERVUEREN;TERVURENSE POORT;21005;ETTERBEEK;ETTERBEEK
136;"21005A21-";PORTE DE TERVUEREN - BRAFFORT;TERVURENSEPOORT - BRAFFORT;30;PORTE TERVUEREN;TERVURENSE POORT;21005;ETTERBEEK;ETTERBEEK
137;"21005A22-";PORTE DE TERVUEREN - L. DE LANTSHEERE (RUE);TERVURENSEPOORT - L. DE LANTSHEERESTRAAT;30;PORTE TERVUEREN;TERVURENSE POORT;21005;ETTERBEEK;ETTERBEEK
138;"21015A52-";LINTHOUT (RUE);LINTHOUTSTRAAT;30;PORTE TERVUEREN;TERVURENSE POORT;21015;SCHAERBEEK;SCHAARBEEK
139;"21018A72-";ROGATIONS;KRUISDAGEN;30;PORTE TERVUEREN;TERVURENSE POORT;21018;WOLUWE-SAINT-LAMBERT;SINT-LAMBRECHTS-WOLUWE
140;"21005A14-";ARMEE (AVENUE DE L');LEGERLAAN;31;SAINT-MICHEL;SINT-MICHIEL;21005;ETTERBEEK;ETTERBEEK
141;"21005A15-";SAINT-MICHEL COLLEGE;SINT-MICHIELS COLLEGE;31;SAINT-MICHEL;SINT-MICHIEL;21005;ETTERBEEK;ETTERBEEK
142;"21019A51-";COLLEGE SAINT-MICHEL;SINT-MICHIELSCOLLEGE;31;SAINT-MICHEL;SINT-MICHIEL;21019;WOLUWE-SAINT-PIERRE;SINT-PIETERS-WOLUWE
143;"21005A01-";SAINTE-GERTRUDE;SINT-GERTRUDIS;32;SAINT-PIERRE;SINT-PIETER;21005;ETTERBEEK;ETTERBEEK
144;"21005A02-";CHAMP DU ROI (RUE);KONINGSVELDSTRAAT;32;SAINT-PIERRE;SINT-PIETER;21005;ETTERBEEK;ETTERBEEK
145;"21005A051";RINSDELLE;RINSDELLE;32;SAINT-PIERRE;SINT-PIETER;21005;ETTERBEEK;ETTERBEEK
146;"21005A082";COURS ST-MICHEL;ST.-MICHIELSWARANDE;32;SAINT-PIERRE;SINT-PIETER;21005;ETTERBEEK;ETTERBEEK
147;"21005A11-";NOTRE-DAME DU SACRE-COEUR;O.L. VROUW VAN HET HEILIG HART;32;SAINT-PIERRE;SINT-PIETER;21005;ETTERBEEK;ETTERBEEK
148;"21005A042";PH. BAUCQ (RUE);PH. BAUCQSTRAAT;33;CHASSE;JACHT;21005;ETTERBEEK;ETTERBEEK
149;"21005A10-";GENERAL HENRI (RUE);GENERAAL HENRISTRAAT;33;CHASSE;JACHT;21005;ETTERBEEK;ETTERBEEK
150;"21005A12-";SAINT-ANTOINE;SINT-ANTONIUS;33;CHASSE;JACHT;21005;ETTERBEEK;ETTERBEEK
151;"21005A13-";LA CHASSE;DE JACHT;33;CHASSE;JACHT;21005;ETTERBEEK;ETTERBEEK
152;"21005A31K";ARSENAL;ARSENAL;33;CHASSE;JACHT;21005;ETTERBEEK;ETTERBEEK
153;"21005A31L";GÉRUZET;GERUZET;33;CHASSE;JACHT;21005;ETTERBEEK;ETTERBEEK
154;"21005A322";NOUVELLE AVENUE-SUD;NIEUWE BAAN-ZUID;33;CHASSE;JACHT;21005;ETTERBEEK;ETTERBEEK
155;"21005A00-";HOTEL COMMUNAL;GEMEENTEHUIS;34;JOURDAN;JOURDAN;21005;ETTERBEEK;ETTERBEEK
156;"21005A031";MAELBEEK;MAALBEEK;34;JOURDAN;JOURDAN;21005;ETTERBEEK;ETTERBEEK
157;"21009A52-";GRAY (RUE);GRAYSTRAAT;34;JOURDAN;JOURDAN;21009;IXELLES;ELSENE
158;"21004B10-";ORBAN (SQUARE);ORBANSQUARE;35;QUARTIER EUROPEEN;EUROPAWIJK;21004;BRUXELLES;BRUSSEL
159;"21004B112";RUE DU COMMERCE;HANDELSSTRAAT;35;QUARTIER EUROPEEN;EUROPAWIJK;21004;BRUXELLES;BRUSSEL
160;"21004B13-";TREVES (RUE DE);TRIERSTRAAT;35;QUARTIER EUROPEEN;EUROPAWIJK;21004;BRUXELLES;BRUSSEL
161;"21004B1MJ";RUE JOSEPH II;JOSEPH II STRAAT;35;QUARTIER EUROPEEN;EUROPAWIJK;21004;BRUXELLES;BRUSSEL
162;"21004B2MK";SCHUMAN (ROND-POINT);SCHUMAN RONDPLEIN;35;QUARTIER EUROPEEN;EUROPAWIJK;21004;BRUXELLES;BRUSSEL
163;"21004B2NK";CITE DE LA CHAUSSEE;STEENWEGWIJK;35;QUARTIER EUROPEEN;EUROPAWIJK;21004;BRUXELLES;BRUSSEL
164;"21004B2WK";RUE DE PASCAL - ST.-SACREMENT;PASCALSTRAAT - H. SACREMENT;35;QUARTIER EUROPEEN;EUROPAWIJK;21004;BRUXELLES;BRUSSEL
165;"21009A501";LUXEMBOURG (PLACE DE);LUXEMBURG PLEIN;35;QUARTIER EUROPEEN;EUROPAWIJK;21009;IXELLES;ELSENE
166;"21009A51K";WIERTZ;WIERTZ;35;QUARTIER EUROPEEN;EUROPAWIJK;21009;IXELLES;ELSENE
167;"21009A593";QUARTIER LEOPOLD;LEOPOLD KWARTIER;35;QUARTIER EUROPEEN;EUROPAWIJK;21009;IXELLES;ELSENE
168;"21009A00-";CENTRE;CENTRUM;36;MATONGE;MATONGE;21009;IXELLES;ELSENE
169;"21009A051";SAINT-BONIFACE;SINT-BONIFAAS;36;MATONGE;MATONGE;21009;IXELLES;ELSENE
170;"21009A53-";LONDRES (PLACE DE);LONDENPLEIN;36;MATONGE;MATONGE;21009;IXELLES;ELSENE
171;"21009A552";PORTE DE NAMUR;NAAMSEPOORT;36;MATONGE;MATONGE;21009;IXELLES;ELSENE
172;"21009A01-";BLYCKAERTS;BLYCKAERTS;37;FLAGEY - MALIBRAN;FLAGEY - MALIBRAN;21009;IXELLES;ELSENE
173;"21009A02-";MUSEE;MUSEUM;37;FLAGEY - MALIBRAN;FLAGEY - MALIBRAN;21009;IXELLES;ELSENE
174;"21009A101";FLAGEY (PLACE);FLAGEYPLEIN;37;FLAGEY - MALIBRAN;FLAGEY - MALIBRAN;21009;IXELLES;ELSENE
175;"21009A111";WERY (RUE);WERYSTRAAT;37;FLAGEY - MALIBRAN;FLAGEY - MALIBRAN;21009;IXELLES;ELSENE
176;"21009A602";BELVEDERE;BELVEDERE;37;FLAGEY - MALIBRAN;FLAGEY - MALIBRAN;21009;IXELLES;ELSENE
177;"21009A612";LIEGEOIS (RUE);LUIKENAARSSTRAAT;37;FLAGEY - MALIBRAN;FLAGEY - MALIBRAN;21009;IXELLES;ELSENE
178;"21009A151";A. DELPORTE-NORD;A. DELPORTE-NOORD;38;HOPITAL ETTERBEEK - IXELLES;HOSPITAAL ETTERBEEK - ELSENE;21009;IXELLES;ELSENE
179;"21009A63-";MACAU;MACAU;38;HOPITAL ETTERBEEK - IXELLES;HOSPITAAL ETTERBEEK - ELSENE;21009;IXELLES;ELSENE
180;"21009A65K";QUARTIER DE L'AULNE;ELSWIJK;38;HOPITAL ETTERBEEK - IXELLES;HOSPITAAL ETTERBEEK - ELSENE;21009;IXELLES;ELSENE
181;"21009A65L";CENTRE HOSPITALIER;ZIEKENHUIZENCENTRUM;38;HOPITAL ETTERBEEK - IXELLES;HOSPITAAL ETTERBEEK - ELSENE;21009;IXELLES;ELSENE
182;"21009A90-";SAINT-PHILIPPE DE NERI;SINT-FILIPPUS;38;HOPITAL ETTERBEEK - IXELLES;HOSPITAAL ETTERBEEK - ELSENE;21009;IXELLES;ELSENE
183;"21009A911";A. DELPORTE-SUD;A. DELPORTE-ZUID;38;HOPITAL ETTERBEEK - IXELLES;HOSPITAAL ETTERBEEK - ELSENE;21009;IXELLES;ELSENE
184;"21009A922";USQUARE;USQUARE;38;HOPITAL ETTERBEEK - IXELLES;HOSPITAAL ETTERBEEK - ELSENE;21009;IXELLES;ELSENE
185;"21004C54K";LOUISE (AVENUE)-SUD-EST;LOUIZALAAN-ZUIDOOST;39;ETANGS D'IXELLES;VIJVERS VAN ELSENE;21004;BRUXELLES;BRUSSEL
186;"21004C55K";LOUISE (AVENUE)-SUD;LOUIZALAAN-ZUID;39;ETANGS D'IXELLES;VIJVERS VAN ELSENE;21004;BRUXELLES;BRUSSEL
187;"21009A121";GENERAL DE GAULLE;GENERAAL DE GAULLE;39;ETANGS D'IXELLES;VIJVERS VAN ELSENE;21009;IXELLES;ELSENE
188;"21009A13-";GACHARD;GACHARD;39;ETANGS D'IXELLES;VIJVERS VAN ELSENE;21009;IXELLES;ELSENE
189;"21009A192";ETANGS;VIJVERS;39;ETANGS D'IXELLES;VIJVERS VAN ELSENE;21009;IXELLES;ELSENE
190;"21009A23-";ETOILE (ROND POINT DE L');STERREPLEIN;39;ETANGS D'IXELLES;VIJVERS VAN ELSENE;21009;IXELLES;ELSENE
191;"21009A623";KLAUWAERTS;KLAUWAERTS;39;ETANGS D'IXELLES;VIJVERS VAN ELSENE;21009;IXELLES;ELSENE
192;"21004C51K";LOUISE (AVENUE)-NORD-EST;LOUIZALAAN-NOORDOOST;40;LOUISE - LONGUE HAIE;LOUIZA - LANGEHAAG;21004;BRUXELLES;BRUSSEL
193;"21009A03-";ERMITAGE;KLUIS;40;LOUISE - LONGUE HAIE;LOUIZA - LANGEHAAG;21009;IXELLES;ELSENE
194;"21009A041";ARBRE BENIT;GEWIJDE BOOM;40;LOUISE - LONGUE HAIE;LOUIZA - LANGEHAAG;21009;IXELLES;ELSENE
195;"21009A542";EGLISE ANGLICANE;ANGLICAANSE KERK;40;LOUISE - LONGUE HAIE;LOUIZA - LANGEHAAG;21009;IXELLES;ELSENE
196;"21013A02-";CAPOUILLET (RUE);CAPOUILLETSTRAAT;41;BERCKMANS - HOTEL DES MONNAIES;BERCKMANS - MUNTHOF;21013;SAINT-GILLES;SINT-GILLIS
197;"21013A15K";METAL (RUE DU);METAALSTRAAT;41;BERCKMANS - HOTEL DES MONNAIES;BERCKMANS - MUNTHOF;21013;SAINT-GILLES;SINT-GILLIS
198;"21013A51-";TOISON D'OR (AVENUE);GULDENVLIESLAAN;41;BERCKMANS - HOTEL DES MONNAIES;BERCKMANS - MUNTHOF;21013;SAINT-GILLES;SINT-GILLIS
199;"21013A52K";RUE D'ECOSSE;SCHOTLANDSTRAAT;41;BERCKMANS - HOTEL DES MONNAIES;BERCKMANS - MUNTHOF;21013;SAINT-GILLES;SINT-GILLIS
200;"21004C50K";LOUISE (AVENUE)-NORD;LOUIZALAAN-NOORD;42;CHATELAIN;KASTELEIN;21004;BRUXELLES;BRUSSEL
201;"21004C52K";LOUISE (AVENUE)-NORD-OUEST;LOUIZALAAN-NOORDWEST;42;CHATELAIN;KASTELEIN;21004;BRUXELLES;BRUSSEL
202;"21009A451";CHATELAIN (PLACE DU)-EST;KASTELEINPLEIN-OOST;42;CHATELAIN;KASTELEIN;21009;IXELLES;ELSENE
203;"21009A712";CHATELAIN (PLACE DU)-OUEST;KASTELEINPLEIN-WEST;42;CHATELAIN;KASTELEIN;21009;IXELLES;ELSENE
204;"21009A72-";DEFACQZ;DEFACQZ;42;CHATELAIN;KASTELEIN;21009;IXELLES;ELSENE
205;"21013A031";AMAZONE (RUE DE);AMAZONESTRAAT;42;CHATELAIN;KASTELEIN;21013;SAINT-GILLES;SINT-GILLIS
206;"21013A052";FAIDER (RUE);FAIDERSTRAAT;42;CHATELAIN;KASTELEIN;21013;SAINT-GILLES;SINT-GILLIS
207;"21004C53K";LOUISE (AVENUE)-SUD-OUEST;LOUIZALAAN-ZUIDWEST;43;BRUGMANN - LEPOUTRE;BRUGMANN - LEPOUTRE;21004;BRUXELLES;BRUSSEL
208;"21007A73-";BERCKENDAEL (RUE);BERCKENDAELSTRAAT;43;BRUGMANN - LEPOUTRE;BRUGMANN - LEPOUTRE;21007;FOREST;VORST
209;"21009A40-";MELEZES;LARIKSEN;43;BRUGMANN - LEPOUTRE;BRUGMANN - LEPOUTRE;21009;IXELLES;ELSENE
210;"21009A41-";SAINT-GEORGES;SINT-JORIS;43;BRUGMANN - LEPOUTRE;BRUGMANN - LEPOUTRE;21009;IXELLES;ELSENE
211;"21009A42-";RENIER CHALON;RENIER CHALON;43;BRUGMANN - LEPOUTRE;BRUGMANN - LEPOUTRE;21009;IXELLES;ELSENE
212;"21009A43-";FERNAND NEURAY;FERNAND NEURAY;43;BRUGMANN - LEPOUTRE;BRUGMANN - LEPOUTRE;21009;IXELLES;ELSENE
213;"21009A44-";PREVOT;PROVOOST;43;BRUGMANN - LEPOUTRE;BRUGMANN - LEPOUTRE;21009;IXELLES;ELSENE
214;"21009A73-";BERCKENDAEL;BERCKENDAEL;43;BRUGMANN - LEPOUTRE;BRUGMANN - LEPOUTRE;21009;IXELLES;ELSENE
215;"21016A80-";VANDERKINDERE;VANDERKINDERE;44;CHURCHILL;CHURCHILL;21016;UCCLE;UKKEL
216;"21016A81-";BASCULE;BASCULE;44;CHURCHILL;CHURCHILL;21016;UCCLE;UKKEL
217;"21016A82-";CHURCHILL;CHURCHILL;44;CHURCHILL;CHURCHILL;21016;UCCLE;UKKEL
218;"21016A85-";BRUGMANN;BRUGMANN;44;CHURCHILL;CHURCHILL;21016;UCCLE;UKKEL
219;"21007A71K";CHAUSSEE D'ALSEMBERG;ALSEMBERGSE STEENWEG;45;MOLIERE - LONGCHAMP;MOLIERE - LONGCHAMP;21007;FOREST;VORST
220;"21007A72K";MOLIERE;MOLIERE;45;MOLIERE - LONGCHAMP;MOLIERE - LONGCHAMP;21007;FOREST;VORST
221;"21016A05-";LE CHAT;DE KAT;45;MOLIERE - LONGCHAMP;MOLIERE - LONGCHAMP;21016;UCCLE;UKKEL
222;"21007A239";NEPTUNE (AVENUE) I;NEPTUNUSLAAN I;46;ALTITUDE 100;HOOGTE 100;21007;FOREST;VORST
223;"21007A70K";ALTITUDE  CENT;HOOGTEPUNT HONDERD;46;ALTITUDE 100;HOOGTE 100;21007;FOREST;VORST
224;"21007A75-";TOURNOI (RUE DU);STEEKSPELSTRAAT;46;ALTITUDE 100;HOOGTE 100;21007;FOREST;VORST
225;"21016A94K";SEPT-BONNIERS;ZEVENBUNDER;46;ALTITUDE 100;HOOGTE 100;21016;UCCLE;UKKEL
226;"21007A81K";VILLAS - MONT KEMMEL;VILLAS - KEMMELBERG;47;HAUT SAINT-GILLES;HOOG SINT-GILLIS;21007;FOREST;VORST
227;"21013A00K";HOTEL DE VILLE;GEMEENTEHUIS;47;HAUT SAINT-GILLES;HOOG SINT-GILLIS;21013;SAINT-GILLES;SINT-GILLIS
228;"21013A01-";ESPAGNE (RUE D');SPANJESTRAAT;47;HAUT SAINT-GILLES;HOOG SINT-GILLIS;21013;SAINT-GILLES;SINT-GILLIS
229;"21013A04-";PRISON;GEVANGENIS;47;HAUT SAINT-GILLES;HOOG SINT-GILLIS;21013;SAINT-GILLES;SINT-GILLIS
230;"21013A11-";PARME (RUE DE);PARMASTRAAT;47;HAUT SAINT-GILLES;HOOG SINT-GILLIS;21013;SAINT-GILLES;SINT-GILLIS
231;"21013A40K";BARRIERE;BARREEL;47;HAUT SAINT-GILLES;HOOG SINT-GILLIS;21013;SAINT-GILLES;SINT-GILLIS
232;"21013A41K";VILLAS (AVENUE DES);VILLALAAN;47;HAUT SAINT-GILLES;HOOG SINT-GILLIS;21013;SAINT-GILLES;SINT-GILLIS
233;"21013A101";PARVIS;VOORPLEIN;48;PORTE DE HAL;HALLEPOORT;21013;SAINT-GILLES;SINT-GILLIS
234;"21013A102";PARVIS;VOORPLEIN;48;PORTE DE HAL;HALLEPOORT;21013;SAINT-GILLES;SINT-GILLIS
235;"21013A13-";DETHY (RUE);DETHYSTRAAT;48;PORTE DE HAL;HALLEPOORT;21013;SAINT-GILLES;SINT-GILLIS
236;"21013A201";ANGLETERRE (RUE D');ENGELANDSTRAAT;48;PORTE DE HAL;HALLEPOORT;21013;SAINT-GILLES;SINT-GILLIS
237;"21013A211";FONTAINAS;FONTAINAS;48;PORTE DE HAL;HALLEPOORT;21013;SAINT-GILLES;SINT-GILLIS
238;"21013A242";BETHLEEM (PLACE DE);BETHLEHEMPLEIN;48;PORTE DE HAL;HALLEPOORT;21013;SAINT-GILLES;SINT-GILLIS
239;"21013A252";DANEMARK (RUE DE);DENEMARKENSTRAAT;48;PORTE DE HAL;HALLEPOORT;21013;SAINT-GILLES;SINT-GILLIS
240;"21013A121";GUILLAUME TELL-SUD;WILLEM TELL-ZUID;49;BOSNIE;BOSNIE;21013;SAINT-GILLES;SINT-GILLIS
241;"21013A22-";REGIES;REGIEN;49;BOSNIE;BOSNIE;21013;SAINT-GILLES;SINT-GILLIS
242;"21013A422";CRICKX (RUE);CRICKXSTRAAT;49;BOSNIE;BOSNIE;21013;SAINT-GILLES;SINT-GILLIS
243;"21007A373";CHARROI;GERIJ;50;BAS FOREST;LAAG VORST;21007;FOREST;VORST
244;"21007A40-";PONT DE LUTTRE;LUTTREBRUG;50;BAS FOREST;LAAG VORST;21007;FOREST;VORST
245;"21007A41-";PONT DE LUTTRE-OUEST;LUTTREBRUG-WEST;50;BAS FOREST;LAAG VORST;21007;FOREST;VORST
246;"21007A60-";SAINT-ANTOINE;SINT-ANTONIUS;50;BAS FOREST;LAAG VORST;21007;FOREST;VORST
247;"21007A61-";MONTENEGRO (RUE);MONTENEGROSTRAAT;50;BAS FOREST;LAAG VORST;21007;FOREST;VORST
248;"21013A23-";ROI (AVENUE DU);KONINGSLAAN;50;BAS FOREST;LAAG VORST;21013;SAINT-GILLES;SINT-GILLIS
249;"21007A101";BOURGOGNE;BOERGONDIE;51;VAN VOLXEM - VAN HAELEN;VAN VOLXEM - VAN HAELEN;21007;FOREST;VORST
250;"21007A142";MONTE CARLO;MONTE CARLO;51;VAN VOLXEM - VAN HAELEN;VAN VOLXEM - VAN HAELEN;21007;FOREST;VORST
251;"21007A50-";BERANGER;BERANGER;51;VAN VOLXEM - VAN HAELEN;VAN VOLXEM - VAN HAELEN;21007;FOREST;VORST
252;"21007A51-";CHATAIGNE;KASTANJE;51;VAN VOLXEM - VAN HAELEN;VAN VOLXEM - VAN HAELEN;21007;FOREST;VORST
253;"21007A52-";VAN VOLXEM - PETITE INDUSTRIE;VAN VOLXEM - KLEIN INDUSTRIE;51;VAN VOLXEM - VAN HAELEN;VAN VOLXEM - VAN HAELEN;21007;FOREST;VORST
254;"21007A53-";WIELEMANS CEUPPENS;WIELEMANS CEUPPENS;51;VAN VOLXEM - VAN HAELEN;VAN VOLXEM - VAN HAELEN;21007;FOREST;VORST
255;"21007A541";LYCEE;LYCEUM;51;VAN VOLXEM - VAN HAELEN;VAN VOLXEM - VAN HAELEN;21007;FOREST;VORST
256;"21007A55K";REINE MARIE-HENRIETTE;KONINGIN MARIE - HENRIETTE;51;VAN VOLXEM - VAN HAELEN;VAN VOLXEM - VAN HAELEN;21007;FOREST;VORST
257;"21001A031";RAUTER-SUD;RAUTER-ZUID;52;VEEWEYDE - AURORE;VEEWEIDE - AURORE;21001;ANDERLECHT;ANDERLECHT
258;"21001A041";VEEWEYDE-SUD;VEEWEIDE-ZUID;52;VEEWEYDE - AURORE;VEEWEIDE - AURORE;21001;ANDERLECHT;ANDERLECHT
259;"21001A11K";BIESTEBROEK;BIESTEBROEK;52;VEEWEYDE - AURORE;VEEWEIDE - AURORE;21001;ANDERLECHT;ANDERLECHT
260;"21001A132";RAUTER-NORD;RAUTER-NOORD;52;VEEWEYDE - AURORE;VEEWEIDE - AURORE;21001;ANDERLECHT;ANDERLECHT
261;"21001A142";VEEWEYDE-NORD;VEEWEIDE-NOORD;52;VEEWEYDE - AURORE;VEEWEIDE - AURORE;21001;ANDERLECHT;ANDERLECHT
262;"21001A31-";CHAUSSEE DE MONS - SAINT-LUC;BERGENSESTEENWEG - SINT-LUKAS;52;VEEWEYDE - AURORE;VEEWEIDE - AURORE;21001;ANDERLECHT;ANDERLECHT
263;"21001A32K";AURORE;DAGERAAD;52;VEEWEYDE - AURORE;VEEWEIDE - AURORE;21001;ANDERLECHT;ANDERLECHT
264;"21001A43-";VAN BEETHOVEN;VAN BEETHOVEN;52;VEEWEYDE - AURORE;VEEWEIDE - AURORE;21001;ANDERLECHT;ANDERLECHT
265;"21001A30K";BIZET;BIZET;53;BIZET - ROUE - CERIA;BIZET - RAD - COOVI;21001;ANDERLECHT;ANDERLECHT
266;"21001A331";WALCOURT;WALCOURT;53;BIZET - ROUE - CERIA;BIZET - RAD - COOVI;21001;ANDERLECHT;ANDERLECHT
267;"21001A332";ROUE;RAD;53;BIZET - ROUE - CERIA;BIZET - RAD - COOVI;21001;ANDERLECHT;ANDERLECHT
268;"21001A34-";ROUE - CITE JARDIN;RAD - TUINWIJK;53;BIZET - ROUE - CERIA;BIZET - RAD - COOVI;21001;ANDERLECHT;ANDERLECHT
269;"21001A350";CERIA - ZONE D'HABITAT;COOVI - WOONZONE;53;BIZET - ROUE - CERIA;BIZET - RAD - COOVI;21001;ANDERLECHT;ANDERLECHT
270;"21001A3MJ";CERIA I;COOVI I;53;BIZET - ROUE - CERIA;BIZET - RAD - COOVI;21001;ANDERLECHT;ANDERLECHT
271;"21001A441";DOCTEUR ROUX;DR. ROUX;53;BIZET - ROUE - CERIA;BIZET - RAD - COOVI;21001;ANDERLECHT;ANDERLECHT
272;"21001A45K";VENIZELOS;VENIZELOS;53;BIZET - ROUE - CERIA;BIZET - RAD - COOVI;21001;ANDERLECHT;ANDERLECHT
273;"21001A472";STADE COMMUNAL - INDUSTRIE;GEMEENTESTADION - INDUSTRIE;53;BIZET - ROUE - CERIA;BIZET - RAD - COOVI;21001;ANDERLECHT;ANDERLECHT
274;"21001A55K";TREFLE;KLAVER;53;BIZET - ROUE - CERIA;BIZET - RAD - COOVI;21001;ANDERLECHT;ANDERLECHT
275;"21001A55L";CHAUSSEE DE MONS - TREFLES;BERGENSE STEENWEG - KLAVER;53;BIZET - ROUE - CERIA;BIZET - RAD - COOVI;21001;ANDERLECHT;ANDERLECHT
276;"21001A37-";ZUEN - INDUSTRIE;ZUUN - INDUSTRIE;54;VOGELENZANG - ERASME;VOGELENZANG - ERASMUS;21001;ANDERLECHT;ANDERLECHT
277;"21001C512";CHANTS D'OISEAUX;VOGELENZANG;54;VOGELENZANG - ERASME;VOGELENZANG - ERASMUS;21001;ANDERLECHT;ANDERLECHT
278;"21001C522";HOPITAL U.L.B.;ZIEKENHUIS U.L.B.;54;VOGELENZANG - ERASME;VOGELENZANG - ERASMUS;21001;ANDERLECHT;ANDERLECHT
279;"21001C581";CIMETIERE;KERKHOF;54;VOGELENZANG - ERASME;VOGELENZANG - ERASMUS;21001;ANDERLECHT;ANDERLECHT
280;"21001C5MA";MEYLEMEERSCH;MIJLENMEERS;54;VOGELENZANG - ERASME;VOGELENZANG - ERASMUS;21001;ANDERLECHT;ANDERLECHT
281;"21001C6MB";MEYLEMEERSCH-EST;MIJLENMEERS-OOST;54;VOGELENZANG - ERASME;VOGELENZANG - ERASMUS;21001;ANDERLECHT;ANDERLECHT
282;"21001C5PK";CHAUDRON (RUE DU);KETELSTRAAT;55;NEERPEDE;NEERPEDE;21001;ANDERLECHT;ANDERLECHT
283;"21001C5PL";BETTERAVES (RUE DES);BIETENSTRAAT;55;NEERPEDE;NEERPEDE;21001;ANDERLECHT;ANDERLECHT
284;"21001C611";SOETKIN;SOETKIN;55;NEERPEDE;NEERPEDE;21001;ANDERLECHT;ANDERLECHT
285;"21001C6PB";ZONE RURALE;PLATTELAND;55;NEERPEDE;NEERPEDE;21001;ANDERLECHT;ANDERLECHT
286;"21001C79-";BON AIR - HABITATIONS DISP.;GOEDE LUCHT - VERSPR. BEWONING;55;NEERPEDE;NEERPEDE;21001;ANDERLECHT;ANDERLECHT
287;"21001C70-";BON AIR - CENTRE;GOEDE LUCHT - KERN;56;BON AIR;GOEDE LUCHT;21001;ANDERLECHT;ANDERLECHT
288;"21001C71-";BON AIR - CITE JARDIN;GOEDE LUCHT - TUINWIJK;56;BON AIR;GOEDE LUCHT;21001;ANDERLECHT;ANDERLECHT
289;"21001A401";ARBORETUM;ARBORETUM;57;SCHERDEMAEL;SCHERDEMAAL;21001;ANDERLECHT;ANDERLECHT
290;"21001A41K";ROMAIN ROLLAND;ROMAIN ROLLAND;57;SCHERDEMAEL;SCHERDEMAAL;21001;ANDERLECHT;ANDERLECHT
291;"21001A42K";KAT;DE KAT;57;SCHERDEMAEL;SCHERDEMAAL;21001;ANDERLECHT;ANDERLECHT
292;"21001A50K";VIVES;VIVES;57;SCHERDEMAEL;SCHERDEMAAL;21001;ANDERLECHT;ANDERLECHT
293;"21001A51K";SCHERDEMAEL;SCHERDEMAAL;57;SCHERDEMAEL;SCHERDEMAAL;21001;ANDERLECHT;ANDERLECHT
294;"21001A52-";SCHERDEMAEL-NORD;SCHERDEMAAL-NOORD;57;SCHERDEMAEL;SCHERDEMAAL;21001;ANDERLECHT;ANDERLECHT
295;"21001A53K";NELLIE MELBA;NELLIE MELBA;57;SCHERDEMAEL;SCHERDEMAAL;21001;ANDERLECHT;ANDERLECHT
296;"21001A80-";SILLON;VOOR;57;SCHERDEMAEL;SCHERDEMAAL;21001;ANDERLECHT;ANDERLECHT
297;"21001A00K";RESISTANCE;VERZET;58;ANDERLECHT CENTRE - WAYEZ;ANDERLECHT CENTRUM - WAYEZ;21001;ANDERLECHT;ANDERLECHT
298;"21001A011";KLEINMOLEN;KLEINMOLEN;58;ANDERLECHT CENTRE - WAYEZ;ANDERLECHT CENTRUM - WAYEZ;21001;ANDERLECHT;ANDERLECHT
299;"21001A02K";WAYEZ;WAYEZ;58;ANDERLECHT CENTRE - WAYEZ;ANDERLECHT CENTRUM - WAYEZ;21001;ANDERLECHT;ANDERLECHT
300;"21001A051";LINDE-EST;LINDE-OOST;58;ANDERLECHT CENTRE - WAYEZ;ANDERLECHT CENTRUM - WAYEZ;21001;ANDERLECHT;ANDERLECHT
301;"21001A10-";PORSELEIN;PORSELEIN;58;ANDERLECHT CENTRE - WAYEZ;ANDERLECHT CENTRUM - WAYEZ;21001;ANDERLECHT;ANDERLECHT
302;"21001A120";MINIMES;MINIEMEN;58;ANDERLECHT CENTRE - WAYEZ;ANDERLECHT CENTRUM - WAYEZ;21001;ANDERLECHT;ANDERLECHT
303;"21001A152";LINDE-OUEST;LINDE-WEST;58;ANDERLECHT CENTRE - WAYEZ;ANDERLECHT CENTRUM - WAYEZ;21001;ANDERLECHT;ANDERLECHT
304;"21001A712";SCHEUT - DE SMET;SCHEUT - DE SMET;59;SCHEUT;SCHEUT;21001;ANDERLECHT;ANDERLECHT
305;"21001A74-";SCHEUT-OUEST;SCHEUT-WEST;59;SCHEUT;SCHEUT;21001;ANDERLECHT;ANDERLECHT
306;"21001A783";SCHEUT-INTERNAT;SCHEUT-INTERNAAT;59;SCHEUT;SCHEUT;21001;ANDERLECHT;ANDERLECHT
307;"21001A90-";SCHEUTKAPEL;SCHEUTKAPEL;59;SCHEUT;SCHEUT;21001;ANDERLECHT;ANDERLECHT
308;"21001A911";SCHEUT-EST;SCHEUT-OOST;59;SCHEUT;SCHEUT;21001;ANDERLECHT;ANDERLECHT
309;"21001A92-";JAKOB SMITS;JAKOB SMITS;59;SCHEUT;SCHEUT;21001;ANDERLECHT;ANDERLECHT
310;"21001A931";AGRAFE-NORBERT GILLE;GESP - NORBERT GILLE;59;SCHEUT;SCHEUT;21001;ANDERLECHT;ANDERLECHT
311;"21001A732";SCHEUTVELD;SCHEUTVELD;60;BUFFON;BUFFON;21001;ANDERLECHT;ANDERLECHT
312;"21001A941";CROCUS;KROKUSSEN;60;BUFFON;BUFFON;21001;ANDERLECHT;ANDERLECHT
313;"21001A95-";BUFFON;BUFFON;60;BUFFON;BUFFON;21001;ANDERLECHT;ANDERLECHT
314;"21001A81K";WESTLAND;WESTLAND;61;MOORTEBEEK - PETERBOS;MOORTEBEEK - PETERBOS;21001;ANDERLECHT;ANDERLECHT
315;"21001A81L";BROECK;BROEK;61;MOORTEBEEK - PETERBOS;MOORTEBEEK - PETERBOS;21001;ANDERLECHT;ANDERLECHT
316;"21001A82-";MOORTEBEEK;MOORTEBEEK;61;MOORTEBEEK - PETERBOS;MOORTEBEEK - PETERBOS;21001;ANDERLECHT;ANDERLECHT
317;"21001A83-";PETERBOS;PETERBOS;61;MOORTEBEEK - PETERBOS;MOORTEBEEK - PETERBOS;21001;ANDERLECHT;ANDERLECHT
318;"21001A84-";POESIE;DICHTKUNST;61;MOORTEBEEK - PETERBOS;MOORTEBEEK - PETERBOS;21001;ANDERLECHT;ANDERLECHT
319;"21012A41K";MOORTEBEEK;MOORTEBEEK;61;MOORTEBEEK - PETERBOS;MOORTEBEEK - PETERBOS;21012;MOLENBEEK-SAINT-JEAN;SINT-JANS-MOLENBEEK
320;"21001A72-";OSSEGEM;OSSEGEM;62;MACHTENS;MACHTENS;21001;ANDERLECHT;ANDERLECHT
321;"21001A85-";AUBADE;AUBADE;62;MACHTENS;MACHTENS;21001;ANDERLECHT;ANDERLECHT
322;"21012A20-";BAECK;BAECK;62;MACHTENS;MACHTENS;21012;MOLENBEEK-SAINT-JEAN;SINT-JANS-MOLENBEEK
323;"21012A22-";BRASILIA;BRASILIA;62;MACHTENS;MACHTENS;21012;MOLENBEEK-SAINT-JEAN;SINT-JANS-MOLENBEEK
324;"21012A23-";MACHTENS-SUD;MACHTENS-ZUID;62;MACHTENS;MACHTENS;21012;MOLENBEEK-SAINT-JEAN;SINT-JANS-MOLENBEEK
325;"21012A24-";OSSEGHEM;OSSEGEM;62;MACHTENS;MACHTENS;21012;MOLENBEEK-SAINT-JEAN;SINT-JANS-MOLENBEEK
326;"21012A26-";MACHTENS-NORD;MACHTENS-NOORD;62;MACHTENS;MACHTENS;21012;MOLENBEEK-SAINT-JEAN;SINT-JANS-MOLENBEEK
327;"21012A30K";METTEWIE - IDYLLE;METTEWIE - IDYLLE;62;MACHTENS;MACHTENS;21012;MOLENBEEK-SAINT-JEAN;SINT-JANS-MOLENBEEK
328;"21012A84-";METTEWIE-BUILDINGS;METTEWIE-BUILDINGS;62;MACHTENS;MACHTENS;21012;MOLENBEEK-SAINT-JEAN;SINT-JANS-MOLENBEEK
329;"21012A851";CONDOR;CONDOR;62;MACHTENS;MACHTENS;21012;MOLENBEEK-SAINT-JEAN;SINT-JANS-MOLENBEEK
330;"21012A882";DARING;DARING;62;MACHTENS;MACHTENS;21012;MOLENBEEK-SAINT-JEAN;SINT-JANS-MOLENBEEK
331;"21012A21K";MARIE-JOSE BLOCS;MARIE-JOSE BLOKKEN;63;KARREVELD;KARREVELD;21012;MOLENBEEK-SAINT-JEAN;SINT-JANS-MOLENBEEK
332;"21012A25-";BEEKKANT;BEEKKANT;63;KARREVELD;KARREVELD;21012;MOLENBEEK-SAINT-JEAN;SINT-JANS-MOLENBEEK
333;"21012A511";STEYNS;STIJNS;63;KARREVELD;KARREVELD;21012;MOLENBEEK-SAINT-JEAN;SINT-JANS-MOLENBEEK
334;"21012A52K";NEEP (QUARTIER DU);NEEPWIJK;63;KARREVELD;KARREVELD;21012;MOLENBEEK-SAINT-JEAN;SINT-JANS-MOLENBEEK
335;"21012A53-";SIPPELBERG;SIPPELBERG;63;KARREVELD;KARREVELD;21012;MOLENBEEK-SAINT-JEAN;SINT-JANS-MOLENBEEK
336;"21012A54K";DELHAIZE;DELHAIZE;63;KARREVELD;KARREVELD;21012;MOLENBEEK-SAINT-JEAN;SINT-JANS-MOLENBEEK
337;"21012A552";PFEIFFER;PFEIFFER;63;KARREVELD;KARREVELD;21012;MOLENBEEK-SAINT-JEAN;SINT-JANS-MOLENBEEK
338;"21003A10-";HOPITAL FRANCAIS;FRANS HOSPITAAL;64;HOPITAL FRANCAIS;FRANS HOSPITAAL;21003;BERCHEM-SAINTE-AGATHE;SINT-AGATHA-BERCHEM
339;"21011A10-";PAIX (AVENUE DE LA);VREDELAAN;64;HOPITAL FRANCAIS;FRANS HOSPITAAL;21011;KOEKELBERG;KOEKELBERG
340;"21011A11-";LEPREUX;LEPREUX;64;HOPITAL FRANCAIS;FRANS HOSPITAAL;21011;KOEKELBERG;KOEKELBERG
341;"21011A12-";BASILIQUE;BASILIEK;64;HOPITAL FRANCAIS;FRANS HOSPITAAL;21011;KOEKELBERG;KOEKELBERG
342;"21012A50-";BENES;BENES;64;HOPITAL FRANCAIS;FRANS HOSPITAAL;21012;MOLENBEEK-SAINT-JEAN;SINT-JANS-MOLENBEEK
343;"21012A59K";KARREVELD;KARREVELD;64;HOPITAL FRANCAIS;FRANS HOSPITAAL;21012;MOLENBEEK-SAINT-JEAN;SINT-JANS-MOLENBEEK
344;"21003A03-";HAUT-CHAMP;HOOGVELD;65;KORENBEEK;KORENBEEK;21003;BERCHEM-SAINTE-AGATHE;SINT-AGATHA-BERCHEM
345;"21003A342";HOGENBOS;HOGENBOS;65;KORENBEEK;KORENBEEK;21003;BERCHEM-SAINTE-AGATHE;SINT-AGATHA-BERCHEM
346;"21012A811";MYRTES-NORD;MIRTEN-NOORD;65;KORENBEEK;KORENBEEK;21012;MOLENBEEK-SAINT-JEAN;SINT-JANS-MOLENBEEK
347;"21012A822";KORENBEEK;KORENBEEK;65;KORENBEEK;KORENBEEK;21012;MOLENBEEK-SAINT-JEAN;SINT-JANS-MOLENBEEK
348;"21012A833";ELBERS;ELBERS;65;KORENBEEK;KORENBEEK;21012;MOLENBEEK-SAINT-JEAN;SINT-JANS-MOLENBEEK
349;"21003A04-";L. DE SMET;L. DE SMET;66;POTAARDE;POTAARDE;21003;BERCHEM-SAINTE-AGATHE;SINT-AGATHA-BERCHEM
350;"21003A312";POTAARDE  VLAK;POTAARDE VLAK;66;POTAARDE;POTAARDE;21003;BERCHEM-SAINTE-AGATHE;SINT-AGATHA-BERCHEM
351;"21003A38-";KONINCKXBOS;KONINCKXBOS;66;POTAARDE;POTAARDE;21003;BERCHEM-SAINTE-AGATHE;SINT-AGATHA-BERCHEM
352;"21003A00-";CENTRE;CENTRUM;67;BERCHEM SAINTE-AGATHE CENTRE;SINT-AGATHA BERCHEM CENTRUM;21003;BERCHEM-SAINTE-AGATHE;SINT-AGATHA-BERCHEM
353;"21003A01K";MOLENBERG;MOLENBERG;67;BERCHEM SAINTE-AGATHE CENTRE;SINT-AGATHA BERCHEM CENTRUM;21003;BERCHEM-SAINTE-AGATHE;SINT-AGATHA-BERCHEM
354;"21003A02-";LAURE - BASILIQUE;LAURA - BASILIEK;67;BERCHEM SAINTE-AGATHE CENTRE;SINT-AGATHA BERCHEM CENTRUM;21003;BERCHEM-SAINTE-AGATHE;SINT-AGATHA-BERCHEM
355;"21003A05-";DE SELLIERS DE MORANVILLE;DE SELLIERS DE MORANVILLE;67;BERCHEM SAINTE-AGATHE CENTRE;SINT-AGATHA BERCHEM CENTRUM;21003;BERCHEM-SAINTE-AGATHE;SINT-AGATHA-BERCHEM
356;"21003A0AJ";HUNDERENVELD;HUNDERENVELD;67;BERCHEM SAINTE-AGATHE CENTRE;SINT-AGATHA BERCHEM CENTRUM;21003;BERCHEM-SAINTE-AGATHE;SINT-AGATHA-BERCHEM
357;"21003A11K";CITE MODERNE;MODERNE WIJK;67;BERCHEM SAINTE-AGATHE CENTRE;SINT-AGATHA BERCHEM CENTRUM;21003;BERCHEM-SAINTE-AGATHE;SINT-AGATHA-BERCHEM
358;"21003A212";CLOS DU ZAVELENBERG;ZAVELENBERGGAARDE;67;BERCHEM SAINTE-AGATHE CENTRE;SINT-AGATHA BERCHEM CENTRUM;21003;BERCHEM-SAINTE-AGATHE;SINT-AGATHA-BERCHEM
359;"21003A283";ZAVELENBERG;ZAVELENBERG;67;BERCHEM SAINTE-AGATHE CENTRE;SINT-AGATHA BERCHEM CENTRUM;21003;BERCHEM-SAINTE-AGATHE;SINT-AGATHA-BERCHEM
360;"21003A2MJ";GARE;STATION;67;BERCHEM SAINTE-AGATHE CENTRE;SINT-AGATHA BERCHEM CENTRUM;21003;BERCHEM-SAINTE-AGATHE;SINT-AGATHA-BERCHEM
361;"21003A323";SEPT ETOILES;ZEVENSTERREN;67;BERCHEM SAINTE-AGATHE CENTRE;SINT-AGATHA BERCHEM CENTRUM;21003;BERCHEM-SAINTE-AGATHE;SINT-AGATHA-BERCHEM
362;"21003A331";ALLEE VERTE;GROENDREEF;67;BERCHEM SAINTE-AGATHE CENTRE;SINT-AGATHA BERCHEM CENTRUM;21003;BERCHEM-SAINTE-AGATHE;SINT-AGATHA-BERCHEM
363;"21003A41-";MONNET;MONNET;67;BERCHEM SAINTE-AGATHE CENTRE;SINT-AGATHA BERCHEM CENTRUM;21003;BERCHEM-SAINTE-AGATHE;SINT-AGATHA-BERCHEM
364;"21008A21K";MAIL;MAIL;68;VILLAS DE GANSHOREN;VILLA'S VAN GANSHOREN;21008;GANSHOREN;GANSHOREN
365;"21008A22K";VILLAS DE GANSHOREN (OUEST);VILLAS VAN GANSHOREN (WEST);68;VILLAS DE GANSHOREN;VILLA'S VAN GANSHOREN;21008;GANSHOREN;GANSHOREN
366;"21008A23-";DE MESMAEKER;DE MESMAEKER;68;VILLAS DE GANSHOREN;VILLA'S VAN GANSHOREN;21008;GANSHOREN;GANSHOREN
367;"21008A24K";REFORME;HERVORMING;68;VILLAS DE GANSHOREN;VILLA'S VAN GANSHOREN;21008;GANSHOREN;GANSHOREN
368;"21008A27-";NESTOR MARTIN;NESTOR MARTIN;68;VILLAS DE GANSHOREN;VILLA'S VAN GANSHOREN;21008;GANSHOREN;GANSHOREN
369;"21008A38K";PARC DE RIVIEREN;DE RIVIERENPARK;68;VILLAS DE GANSHOREN;VILLA'S VAN GANSHOREN;21008;GANSHOREN;GANSHOREN
370;"21008A00K";CENTRE;CENTRUM;69;GANSHOREN CENTRE;GANSHOREN CENTRUM;21008;GANSHOREN;GANSHOREN
371;"21008A01-";VAN PAGE-SUD;VAN PAGE-ZUID;69;GANSHOREN CENTRE;GANSHOREN CENTRUM;21008;GANSHOREN;GANSHOREN
372;"21008A02-";SIPPELBERG;SIPPELBERG;69;GANSHOREN CENTRE;GANSHOREN CENTRUM;21008;GANSHOREN;GANSHOREN
373;"21008A20-";CHARLES-QUINT;KEIZER-KAREL;69;GANSHOREN CENTRE;GANSHOREN CENTRUM;21008;GANSHOREN;GANSHOREN
374;"21008A30-";LE HOME;LE HOME;69;GANSHOREN CENTRE;GANSHOREN CENTRUM;21008;GANSHOREN;GANSHOREN
375;"21008A33-";VAN PAGE-NORD;VAN PAGE-NOORD;69;GANSHOREN CENTRE;GANSHOREN CENTRUM;21008;GANSHOREN;GANSHOREN
376;"21008A34K";PARC ALBERT;ALBERTPARK;69;GANSHOREN CENTRE;GANSHOREN CENTRUM;21008;GANSHOREN;GANSHOREN
377;"21008A10K";PLATEAU;PLATEAU;70;BASILIQUE;BASILIEK;21008;GANSHOREN;GANSHOREN
378;"21010A21-";MADELEINE;MAGDALENA;70;BASILIQUE;BASILIEK;21010;JETTE;JETTE
379;"21011A20-";PLATEAU;PLATEAU;70;BASILIQUE;BASILIEK;21011;KOEKELBERG;KOEKELBERG
380;"21011A30-";ARCHERS - FOUREZ;BOOGSCHUTTERS - FOUREZ;70;BASILIQUE;BASILIEK;21011;KOEKELBERG;KOEKELBERG
381;"21010A01-";ESSEGHEM;ESSEGHEM;71;WOESTE;WOESTE;21010;JETTE;JETTE
382;"21010A02-";LEOPOLD I;LEOPOLD I;71;WOESTE;WOESTE;21010;JETTE;JETTE
383;"21010A04-";NOTRE-DAME DE LOURDES;O.L. VROUW VAN LOURDES;71;WOESTE;WOESTE;21010;JETTE;JETTE
384;"21010A05-";ALBERT (QUARTIER);ALBERT-WIJK;71;WOESTE;WOESTE;21010;JETTE;JETTE
385;"21008A31-";TOUSSAINT;TOUSSAINT;72;JETTE CENTRE;JETTE CENTRUM;21008;GANSHOREN;GANSHOREN
386;"21008A32-";HEIDEKEN;HEIDEKEN;72;JETTE CENTRE;JETTE CENTRUM;21008;GANSHOREN;GANSHOREN
387;"21008A35-";CHARTE;KEURE;72;JETTE CENTRE;JETTE CENTRUM;21008;GANSHOREN;GANSHOREN
388;"21010A00-";CENTRE;CENTRUM;72;JETTE CENTRE;JETTE CENTRUM;21010;JETTE;JETTE
389;"21010A03-";MIROIR;SPIEGEL;72;JETTE CENTRE;JETTE CENTRUM;21010;JETTE;JETTE
390;"21010A31K";BAECK DUPRE;BAECK DUPRE;72;JETTE CENTRE;JETTE CENTRUM;21010;JETTE;JETTE
391;"21010A10K";ANCIENNE BARRIERE;OUDE AFSPANNING;73;HEYMBOSCH - AZ-JETTE;HEYMBOSCH - AZ-JETTE;21010;JETTE;JETTE
392;"21010A11K";HEYMBOSCH;HEYMBOSCH;73;HEYMBOSCH - AZ-JETTE;HEYMBOSCH - AZ-JETTE;21010;JETTE;JETTE
393;"21010A121";F. MOHRFELD (RUE DE);F. MOHRFELDSTRAAT;73;HEYMBOSCH - AZ-JETTE;HEYMBOSCH - AZ-JETTE;21010;JETTE;JETTE
394;"21010A1AK";ARBRE BALLON;DIKKE BEUK;73;HEYMBOSCH - AZ-JETTE;HEYMBOSCH - AZ-JETTE;21010;JETTE;JETTE
395;"21010A1AL";EXPOSITION (AVENUE DE);TENTOONSTELLINGSLAAN;73;HEYMBOSCH - AZ-JETTE;HEYMBOSCH - AZ-JETTE;21010;JETTE;JETTE
396;"21010A4MJ";VUB;VUB;73;HEYMBOSCH - AZ-JETTE;HEYMBOSCH - AZ-JETTE;21010;JETTE;JETTE
397;"21004E800";DIVIN JESUS;GODDELIJKE JEZUS;74;HEYSEL;HEIZEL;21004;BRUXELLES;BRUSSEL
398;"21004E81-";DISQUE (RUE DU);SCHIJFSTRAAT;74;HEYSEL;HEIZEL;21004;BRUXELLES;BRUSSEL
399;"21004E82-";CITE MODELE;MODELWIJK;74;HEYSEL;HEIZEL;21004;BRUXELLES;BRUSSEL
400;"21004E83-";STIENON (AVENUE);STIENONLAAN;74;HEYSEL;HEIZEL;21004;BRUXELLES;BRUSSEL
401;"21004E8MJ";HEYSEL;HEIZEL;74;HEYSEL;HEIZEL;21004;BRUXELLES;BRUSSEL
402;"21004E8NJ";HOPITAL BRUGMANN;BRUGMANN HOSPITAAL;74;HEYSEL;HEIZEL;21004;BRUXELLES;BRUSSEL
403;"21010A13-";CITE-JARDIN;TUINWIJK;74;HEYSEL;HEIZEL;21010;JETTE;JETTE
404;"21004E12-";PRINCE LEOPOLD (SQUARE);PRINS LEOPOLDSQUARE;75;HOUBA;HOUBA;21004;BRUXELLES;BRUSSEL
405;"21004E130";SACRE-COEUR;HEILIG-HART;75;HOUBA;HOUBA;21004;BRUXELLES;BRUSSEL
406;"21004E14-";ECOLE DES CADETS;KADETTENSCHOOL;75;HOUBA;HOUBA;21004;BRUXELLES;BRUSSEL
407;"21010A141";BRUGMANN;BRUGMANN;75;HOUBA;HOUBA;21010;JETTE;JETTE
408;"21004E201";AVENUE JEAN DE BOLOGNE;JEAN DE BOLOGNELAAN;76;MUTSAARD;MUTSAARD;21004;BRUXELLES;BRUSSEL
409;"21004E211";RUE DE WAND;WANDSTRAAT;76;MUTSAARD;MUTSAARD;21004;BRUXELLES;BRUSSEL
410;"21004E222";MUTSAARD (AVENUE);MUTSAARDLAAN;76;MUTSAARD;MUTSAARD;21004;BRUXELLES;BRUSSEL
411;"21004E233";DE MEYSSE (AVENUE);MEISESELAAN;76;MUTSAARD;MUTSAARD;21004;BRUXELLES;BRUSSEL
412;"21004F511";AVENUE DES PAGODES;PAGODENLAAN;76;MUTSAARD;MUTSAARD;21004;BRUXELLES;BRUSSEL
413;"21004F522";AVENUE DE VERSAILLES;VERSAILLESLAAN;76;MUTSAARD;MUTSAARD;21004;BRUXELLES;BRUSSEL
414;"21004F53K";RUE DES FAINES;BEUKENOOTJESSTRAAT;77;HEEMBEEK;HEEMBEEK;21004;BRUXELLES;BRUSSEL
415;"21004F901";PLACE PETER BENOIT;PETER BENOIT PLEIN;77;HEEMBEEK;HEEMBEEK;21004;BRUXELLES;BRUSSEL
416;"21004F91-";CROIX DE GUERRE (AVENUE DES);OORLOGSKRUISENLAAN;77;HEEMBEEK;HEEMBEEK;21004;BRUXELLES;BRUSSEL
417;"21004F922";RUE CHATEAU BEYAERD;KASTEEL BEYAERD;77;HEEMBEEK;HEEMBEEK;21004;BRUXELLES;BRUSSEL
418;"21004F930";COIN DES CERISES;KERSENHOEK;77;HEEMBEEK;HEEMBEEK;21004;BRUXELLES;BRUSSEL
419;"21004F94-";VAL MARIA;MARIENDAAL;77;HEEMBEEK;HEEMBEEK;21004;BRUXELLES;BRUSSEL
420;"21004F953";RUE DU WIMPELBERG;WIMPELBERGSTRAAT;77;HEEMBEEK;HEEMBEEK;21004;BRUXELLES;BRUSSEL
421;"21004F994";TRASSERSWEG - NEDER-HEEMBEEK;TRASSERSWEG - NEDER-HEEMBEEK;77;HEEMBEEK;HEEMBEEK;21004;BRUXELLES;BRUSSEL
422;"21004G30-";SAINTE-ELISABETH;SINT-ELISABETH;78;HAREN;HAREN;21004;BRUXELLES;BRUSSEL
423;"21004G31K";HAREN-SUD-OUEST;HAREN-ZUIDWEST;78;HAREN;HAREN;21004;BRUXELLES;BRUSSEL
424;"21004G32K";HAREN-EST;HAREN-OOST;78;HAREN;HAREN;21004;BRUXELLES;BRUSSEL
425;"21004G3MJ";DOBBELENBERG;DOBBELENBERG;78;HAREN;HAREN;21004;BRUXELLES;BRUSSEL
426;"21006A00K";VIEIL EVERE;OUD EVERE;79;PAIX;VREDE;21006;EVERE;EVERE
427;"21006A011";CENTRE;CENTRUM;79;PAIX;VREDE;21006;EVERE;EVERE
428;"21006A02K";IEDER ZIJN HUIS - STROOBANTS;IEDER ZIJN HUIS - STROOBANTS;79;PAIX;VREDE;21006;EVERE;EVERE
429;"21006A03-";BLOCS SAINT-VINCENT;BLOKKEN SINT-VINCENTIUS;79;PAIX;VREDE;21006;EVERE;EVERE
430;"21006A04K";KERKHOEK;KERKHOEK;79;PAIX;VREDE;21006;EVERE;EVERE
431;"21006A052";CHAMP DE REPOS;RUSTPLAATS;79;PAIX;VREDE;21006;EVERE;EVERE
432;"21006A094";BON PASTEUR;GOEDE HERDER;79;PAIX;VREDE;21006;EVERE;EVERE
433;"21006A515";CARLI;CARLI;79;PAIX;VREDE;21006;EVERE;EVERE
434;"21015A111";MAETERLINCK;MAETERLINCK;80;HELMET;HELMET;21015;SCHAERBEEK;SCHAARBEEK
435;"21015A142";SAINTE-FAMILLE;HEILIGE FAMILIE;80;HELMET;HELMET;21015;SCHAERBEEK;SCHAARBEEK
436;"21015A20-";HELMET;HELMET;80;HELMET;HELMET;21015;SCHAERBEEK;SCHAARBEEK
437;"21015A21-";GUIDO GEZELLE (RUE);GUIDO GEZELLESTRAAT;80;HELMET;HELMET;21015;SCHAERBEEK;SCHAARBEEK
438;"21015A231";J. BLOCKX (RUE);J. BLOCKXSTRAAT;80;HELMET;HELMET;21015;SCHAERBEEK;SCHAARBEEK
439;"21015A272";HOPITAL P. BRIEN;M.H.I. P. BRIEN;80;HELMET;HELMET;21015;SCHAERBEEK;SCHAARBEEK
440;"21015A101";GARE;STATION;81;GARE DE SCHAERBEEK;SCHAARBEEK STATION;21015;SCHAERBEEK;SCHAARBEEK
441;"21015A12-";HUART HAMOIR (AVENUE);HUART HAMOIRLAAN;81;GARE DE SCHAERBEEK;SCHAARBEEK STATION;21015;SCHAERBEEK;SCHAARBEEK
442;"21015A152";PR. ELISABETH-NORD;PR. ELISABETH-NOORD;81;GARE DE SCHAERBEEK;SCHAARBEEK STATION;21015;SCHAERBEEK;SCHAARBEEK
443;"21015A22-";MARBOTIN A. (RUE);MARBOTIN A. STRAAT;82;TERDELT;TERDELT;21015;SCHAERBEEK;SCHAARBEEK
444;"21015A811";TERDELT;TERDELT;82;TERDELT;TERDELT;21015;SCHAERBEEK;SCHAARBEEK
445;"21015A82K";CH. GILISQUET - SUD (AVENUE);CH. GILISQUET - ZUIDLAAN;82;TERDELT;TERDELT;21015;SCHAERBEEK;SCHAARBEEK
446;"21015A831";LATINIS (AVENUE G.);LATINIS G. STRAAT;82;TERDELT;TERDELT;21015;SCHAERBEEK;SCHAARBEEK
447;"21015A883";THEUNIS PIERRE (RUE);THEUNIS PIERRE STRAAT;82;TERDELT;TERDELT;21015;SCHAERBEEK;SCHAARBEEK
448;"21006A101";CONSCIENCE;CONSCIENCE;83;CONSCIENCE;CONSCIENCE;21006;EVERE;EVERE
449;"21006A13-";MAISON COMMUNALE;GEMEENTEHUIS;83;CONSCIENCE;CONSCIENCE;21006;EVERE;EVERE
450;"21006A142";ED. DEKNOOP (RUE);ED. DEKNOOPSTRAAT;83;CONSCIENCE;CONSCIENCE;21006;EVERE;EVERE
451;"21006A153";KEET;KEET;83;CONSCIENCE;CONSCIENCE;21006;EVERE;EVERE
452;"21006A11-";OASIS - PROVENCE - LANGUEDOC;OASE - PROVENCE - LANGUEDOC;84;AVENUE LEOPOLD III;LEOPOLD III LAAN;21006;EVERE;EVERE
453;"21006A12-";GERMINAL I;GERMINAL I;84;AVENUE LEOPOLD III;LEOPOLD III LAAN;21006;EVERE;EVERE
454;"21006A17K";OLYMPIADES (AVENUE DES);OLYMPIADENLAAN;84;AVENUE LEOPOLD III;LEOPOLD III LAAN;21006;EVERE;EVERE
455;"21006A17L";ANCIENS COMBATTANTS (AVENUE DES);OUD-STRIJDERSLAAN;84;AVENUE LEOPOLD III;LEOPOLD III LAAN;21006;EVERE;EVERE
456;"21006A22K";SAINT-EXUPERY;SAINT-EXUPERY;84;AVENUE LEOPOLD III;LEOPOLD III LAAN;21006;EVERE;EVERE
457;"21006A312";J. BORDET (AVENUE DE);J. BORDET LAAN;84;AVENUE LEOPOLD III;LEOPOLD III LAAN;21006;EVERE;EVERE
458;"21006A32K";GERMINAL II;GERMINAL II;84;AVENUE LEOPOLD III;LEOPOLD III LAAN;21006;EVERE;EVERE
459;"21006A41K";P. DUPONT (RUE);P. DUPONTSTRAAT;84;AVENUE LEOPOLD III;LEOPOLD III LAAN;21006;EVERE;EVERE
460;"21006A41L";TUINBOUW;TUINBOUW;84;AVENUE LEOPOLD III;LEOPOLD III LAAN;21006;EVERE;EVERE
461;"21015A70-";P. HYMANS (RUE);P. HYMANSSTRAAT;85;GARE JOSAPHAT;JOSAPHAT STATION;21015;SCHAERBEEK;SCHAARBEEK
462;"21015A71-";JARDINS;BLOEMTUINEN;85;GARE JOSAPHAT;JOSAPHAT STATION;21015;SCHAERBEEK;SCHAARBEEK
463;"21015A721";F. COURTENS (AVENUE);F. COURTENSLAAN;85;GARE JOSAPHAT;JOSAPHAT STATION;21015;SCHAERBEEK;SCHAARBEEK
464;"21015A782";CIMETIERE DE SAINT-JOSSE;KERKHOF VAN SINT-JOOST;85;GARE JOSAPHAT;JOSAPHAT STATION;21015;SCHAERBEEK;SCHAARBEEK
465;"21015A7MJ";JOSAPHAT GARE;JOSAPHAT STATION;85;GARE JOSAPHAT;JOSAPHAT STATION;21015;SCHAERBEEK;SCHAARBEEK
466;"21006A201";HAUT-EVERE;HOOG-EVERE;86;PADUWA;PADUWA;21006;EVERE;EVERE
467;"21006A21-";HOME FAMILIAL BRABANT;BRABANTS THUIS;86;PADUWA;PADUWA;21006;EVERE;EVERE
468;"21006A23-";DU BONHEUR;GELUKZALIGHEID;86;PADUWA;PADUWA;21006;EVERE;EVERE
469;"21006A24-";IEDER ZIJN HUIS - ZAVENTEM;IEDER ZIJN HUIS - ZAVENTEM;86;PADUWA;PADUWA;21006;EVERE;EVERE
470;"21006A25-";GIBET;GIBET;86;PADUWA;PADUWA;21006;EVERE;EVERE
471;"21006A27K";LEONARD MOMMAERTS (AVENUE);LEONARD MOMMAERTSLAAN;86;PADUWA;PADUWA;21006;EVERE;EVERE
472;"21006A27L";COLONEL BOURG (RUE);KOLONEL BOURGSTRAAT;86;PADUWA;PADUWA;21006;EVERE;EVERE
473;"21006A403";QUARTIER CICERO;CICEROWIJK;86;PADUWA;PADUWA;21006;EVERE;EVERE
474;"21006A47K";W. VAN DER MEEREN (RUE);W. VAN DER MEERENSTRAAT;86;PADUWA;PADUWA;21006;EVERE;EVERE
475;"21006A47L";COMMUNAUTES - NORD-OUEST;GEMEENSCHAPPEN - NOORD-WESTEN;86;PADUWA;PADUWA;21006;EVERE;EVERE
476;"21015A73-";H. EVENEPOEL (RUE);H. EVENEPOELSTRAAT;87;REYERS;REYERS;21015;SCHAERBEEK;SCHAARBEEK
477;"21015A77K";MEDIAPARK;MEDIAPARK;87;REYERS;REYERS;21015;SCHAERBEEK;SCHAARBEEK
478;"21015A77L";COLONEL BOURG (RUE);KOLONEL BOURGSTRAAT;87;REYERS;REYERS;21015;SCHAERBEEK;SCHAARBEEK
479;"21015A51-";CERISIERS (AVENUE DES);KERSELARENLAAN;88;GEORGES HENRI;GEORGES HENRI;21015;SCHAERBEEK;SCHAARBEEK
480;"21018A20-";GEORGES HENRI (AVENUE);GEORGES HENRILAAN;88;GEORGES HENRI;GEORGES HENRI;21018;WOLUWE-SAINT-LAMBERT;SINT-LAMBRECHTS-WOLUWE
481;"21018A21-";DE BROQUEVILLE (AVENUE)-NORD;DE BROQUEVILLELAAN-NOORD;88;GEORGES HENRI;GEORGES HENRI;21018;WOLUWE-SAINT-LAMBERT;SINT-LAMBRECHTS-WOLUWE
482;"21018A24-";LAMBEAU (AVENUE);LAMBEAULAAN;88;GEORGES HENRI;GEORGES HENRI;21018;WOLUWE-SAINT-LAMBERT;SINT-LAMBRECHTS-WOLUWE
483;"21018A61-";HEYDENBERG-EST;HEYDENBERG-OOST;88;GEORGES HENRI;GEORGES HENRI;21018;WOLUWE-SAINT-LAMBERT;SINT-LAMBRECHTS-WOLUWE
484;"21018A62-";HEYDENBERG-OUEST;HEYDENBERG-WEST;88;GEORGES HENRI;GEORGES HENRI;21018;WOLUWE-SAINT-LAMBERT;SINT-LAMBRECHTS-WOLUWE
485;"21018A02-";SLEGERS (AVENUE);SLEGERSLAAN;89;GRIBAUMONT;GRIBAUMONT;21018;WOLUWE-SAINT-LAMBERT;SINT-LAMBRECHTS-WOLUWE
486;"21018A031";ABELOOS;ABELOOS;89;GRIBAUMONT;GRIBAUMONT;21018;WOLUWE-SAINT-LAMBERT;SINT-LAMBRECHTS-WOLUWE
487;"21018A09-";RASANTE;RASANTE;89;GRIBAUMONT;GRIBAUMONT;21018;WOLUWE-SAINT-LAMBERT;SINT-LAMBRECHTS-WOLUWE
488;"21018A22-";DE BROQUEVILLE (AVENUE)-SUD;DE BROQUEVILLELAAN-ZUID;89;GRIBAUMONT;GRIBAUMONT;21018;WOLUWE-SAINT-LAMBERT;SINT-LAMBRECHTS-WOLUWE
489;"21018A512";QUARTIER DES PEINTRES;SCHILDERSWIJK;89;GRIBAUMONT;GRIBAUMONT;21018;WOLUWE-SAINT-LAMBERT;SINT-LAMBRECHTS-WOLUWE
490;"21019A02-";CLOS DU SOLEIL;ZONNEGAARDE;89;GRIBAUMONT;GRIBAUMONT;21019;WOLUWE-SAINT-PIERRE;SINT-PIETERS-WOLUWE
491;"21019A03-";CAPITAINE PIRET (AVENUE);KAPITEIN PIRETLAAN;89;GRIBAUMONT;GRIBAUMONT;21019;WOLUWE-SAINT-PIERRE;SINT-PIETERS-WOLUWE
492;"21019A04-";EGGERICX (RUE);EGGERICXSTRAAT;89;GRIBAUMONT;GRIBAUMONT;21019;WOLUWE-SAINT-PIERRE;SINT-PIETERS-WOLUWE
493;"21019A052";DON BOSCO;DON BOSCO;89;GRIBAUMONT;GRIBAUMONT;21019;WOLUWE-SAINT-PIERRE;SINT-PIETERS-WOLUWE
494;"21019A52-";DUC (RUE);HERTOGSTRAAT;89;GRIBAUMONT;GRIBAUMONT;21019;WOLUWE-SAINT-PIERRE;SINT-PIETERS-WOLUWE
495;"21018A00-";TOMBERG;TOMBERG;90;ROODEBEEK - CONSTELLATIONS;ROODEBEEK - STERREBEELDEN;21018;WOLUWE-SAINT-LAMBERT;SINT-LAMBRECHTS-WOLUWE
496;"21018A04-";BEETEPUT;BEETEPUT;90;ROODEBEEK - CONSTELLATIONS;ROODEBEEK - STERREBEELDEN;21018;WOLUWE-SAINT-LAMBERT;SINT-LAMBRECHTS-WOLUWE
497;"21018A05-";DRIES;DRIES;90;ROODEBEEK - CONSTELLATIONS;ROODEBEEK - STERREBEELDEN;21018;WOLUWE-SAINT-LAMBERT;SINT-LAMBRECHTS-WOLUWE
498;"21018A30-";SAINTE-FAMILLE;HEILIGE-FAMILIE;90;ROODEBEEK - CONSTELLATIONS;ROODEBEEK - STERREBEELDEN;21018;WOLUWE-SAINT-LAMBERT;SINT-LAMBRECHTS-WOLUWE
499;"21018A41-";EUROPE;EUROPA;90;ROODEBEEK - CONSTELLATIONS;ROODEBEEK - STERREBEELDEN;21018;WOLUWE-SAINT-LAMBERT;SINT-LAMBRECHTS-WOLUWE
500;"21018A42-";VERVLOESEM;VERVLOESEM;90;ROODEBEEK - CONSTELLATIONS;ROODEBEEK - STERREBEELDEN;21018;WOLUWE-SAINT-LAMBERT;SINT-LAMBRECHTS-WOLUWE
501;"21018A43-";ROODEBEEK;ROODEBEEK;90;ROODEBEEK - CONSTELLATIONS;ROODEBEEK - STERREBEELDEN;21018;WOLUWE-SAINT-LAMBERT;SINT-LAMBRECHTS-WOLUWE
502;"21018A60-";ROODEBEEK PARC;ROODEBEEK PARK;90;ROODEBEEK - CONSTELLATIONS;ROODEBEEK - STERREBEELDEN;21018;WOLUWE-SAINT-LAMBERT;SINT-LAMBRECHTS-WOLUWE
503;"21018A63-";CONSTELLATIONS;STERREBEELDEN;90;ROODEBEEK - CONSTELLATIONS;ROODEBEEK - STERREBEELDEN;21018;WOLUWE-SAINT-LAMBERT;SINT-LAMBRECHTS-WOLUWE
504;"21018A643";DEUX MAISONS;TWEE HUIZEN;90;ROODEBEEK - CONSTELLATIONS;ROODEBEEK - STERREBEELDEN;21018;WOLUWE-SAINT-LAMBERT;SINT-LAMBRECHTS-WOLUWE
505;"21018A311";PARC SCHUMAN;SCHUMAN PARK;91;VAL D'OR;GULLEDELLE;21018;WOLUWE-SAINT-LAMBERT;SINT-LAMBRECHTS-WOLUWE
506;"21018A32-";CLOS DES PEUPLIERS;POPULIERENHOF;91;VAL D'OR;GULLEDELLE;21018;WOLUWE-SAINT-LAMBERT;SINT-LAMBRECHTS-WOLUWE
507;"21018A33-";NEERVELD;NEERVELD;91;VAL D'OR;GULLEDELLE;21018;WOLUWE-SAINT-LAMBERT;SINT-LAMBRECHTS-WOLUWE
508;"21018A34K";HOF TEN BERG-SUD;HOF TEN BERG-ZUID;91;VAL D'OR;GULLEDELLE;21018;WOLUWE-SAINT-LAMBERT;SINT-LAMBRECHTS-WOLUWE
509;"21018A35-";HOF TEN BERG-NORD;HOF TEN BERG-NOORD;91;VAL D'OR;GULLEDELLE;21018;WOLUWE-SAINT-LAMBERT;SINT-LAMBRECHTS-WOLUWE
510;"21018A37K";COMMUNAUTES - SUD;GEMEENSCHAPPEN;91;VAL D'OR;GULLEDELLE;21018;WOLUWE-SAINT-LAMBERT;SINT-LAMBRECHTS-WOLUWE
511;"21018A37L";COMMUNAUTES - NORD-EST;GEMEENSCHAPPEN - NOORD-OOSTEN;91;VAL D'OR;GULLEDELLE;21018;WOLUWE-SAINT-LAMBERT;SINT-LAMBRECHTS-WOLUWE
512;"21018A3MK";GULLEDELLE;GULLEDELLE;91;VAL D'OR;GULLEDELLE;21018;WOLUWE-SAINT-LAMBERT;SINT-LAMBRECHTS-WOLUWE
513;"21018A19-";STRUYCKBEKEN;STRUYCKBEKEN;92;KAPELLEVELD;KAPELLEVELD;21018;WOLUWE-SAINT-LAMBERT;SINT-LAMBRECHTS-WOLUWE
514;"21018A81-";KAPELLEVELD-SUD;KAPELLEVELD-ZUID;92;KAPELLEVELD;KAPELLEVELD;21018;WOLUWE-SAINT-LAMBERT;SINT-LAMBRECHTS-WOLUWE
515;"21018A82-";MARIE LA MISERABLE;LENNEKE MARE;92;KAPELLEVELD;KAPELLEVELD;21018;WOLUWE-SAINT-LAMBERT;SINT-LAMBRECHTS-WOLUWE
516;"21018A83-";KLAKKEDELLE;KLAKKEDELLE;92;KAPELLEVELD;KAPELLEVELD;21018;WOLUWE-SAINT-LAMBERT;SINT-LAMBRECHTS-WOLUWE
517;"21018A84K";KAPELLEVELD-NORD-EST;KAPELLEVELD-NOORDOOST;92;KAPELLEVELD;KAPELLEVELD;21018;WOLUWE-SAINT-LAMBERT;SINT-LAMBRECHTS-WOLUWE
518;"21018A87K";SAINT-LUC;SINT-LUCAS;92;KAPELLEVELD;KAPELLEVELD;21018;WOLUWE-SAINT-LAMBERT;SINT-LAMBRECHTS-WOLUWE
519;"21019A15-";KAPELLEVELD;KAPELLEVELD;92;KAPELLEVELD;KAPELLEVELD;21019;WOLUWE-SAINT-PIERRE;SINT-PIETERS-WOLUWE
520;"21018A01-";SAINT-LAMBERT;SINT-LAMBERTUS;93;BOULEVARD DE LA WOLUWE;WOLUWELAAN;21018;WOLUWE-SAINT-LAMBERT;SINT-LAMBRECHTS-WOLUWE
521;"21018A13-";GROOTVELD;GROOTVELD;93;BOULEVARD DE LA WOLUWE;WOLUWELAAN;21018;WOLUWE-SAINT-LAMBERT;SINT-LAMBRECHTS-WOLUWE
522;"21018A14-";CHANCELLERIE;KANSELRIJ;93;BOULEVARD DE LA WOLUWE;WOLUWELAAN;21018;WOLUWE-SAINT-LAMBERT;SINT-LAMBRECHTS-WOLUWE
523;"21018A15-";LES SOURCES;TER BRONNEN;93;BOULEVARD DE LA WOLUWE;WOLUWELAAN;21018;WOLUWE-SAINT-LAMBERT;SINT-LAMBRECHTS-WOLUWE
524;"21019A001";CENTRE;CENTRUM;93;BOULEVARD DE LA WOLUWE;WOLUWELAAN;21019;WOLUWE-SAINT-PIERRE;SINT-PIETERS-WOLUWE
525;"21019A01-";BOULEVARD DE LA WOLUWE;WOLUWELAAN;93;BOULEVARD DE LA WOLUWE;WOLUWELAAN;21019;WOLUWE-SAINT-PIERRE;SINT-PIETERS-WOLUWE
526;"21019A231";KELLE;KELLE;93;BOULEVARD DE LA WOLUWE;WOLUWELAAN;21019;WOLUWE-SAINT-PIERRE;SINT-PIETERS-WOLUWE
527;"21018A12-";STOCKEL (CHAUSSEE DE);STOKKELSESTEENWEG;94;STOCKEL;STOKKEL;21018;WOLUWE-SAINT-LAMBERT;SINT-LAMBRECHTS-WOLUWE
528;"21019A10-";STOCKEL;STOKKEL;94;STOCKEL;STOKKEL;21019;WOLUWE-SAINT-PIERRE;SINT-PIETERS-WOLUWE
529;"21019A11K";MILLE METRES (AVENUE);DUIZENDMETERLAAN;94;STOCKEL;STOKKEL;21019;WOLUWE-SAINT-PIERRE;SINT-PIETERS-WOLUWE
530;"21019A12-";ESCRIME (AVENUE DE L');SCHERMLAAN;94;STOCKEL;STOKKEL;21019;WOLUWE-SAINT-PIERRE;SINT-PIETERS-WOLUWE
531;"21019A131";KONKEL;KONKEL;94;STOCKEL;STOKKEL;21019;WOLUWE-SAINT-PIERRE;SINT-PIETERS-WOLUWE
532;"21019A14-";VAL DE SEIGNEURS;HERENDAL;94;STOCKEL;STOKKEL;21019;WOLUWE-SAINT-PIERRE;SINT-PIETERS-WOLUWE
533;"21019A40K";SAINTE-ALIX;SINT-ALEIDIS;95;SAINTE-ALIX  - JOLI BOIS;SINTE-ALEIDIS - MOOIBOS;21019;WOLUWE-SAINT-PIERRE;SINT-PIETERS-WOLUWE
534;"21019A41-";CITE JOLI-BOIS;MOOI BOS-WIJK;95;SAINTE-ALIX  - JOLI BOIS;SINTE-ALEIDIS - MOOIBOS;21019;WOLUWE-SAINT-PIERRE;SINT-PIETERS-WOLUWE
535;"21019A43-";CORNICHE VERTE;GROENE CORNICHE;95;SAINTE-ALIX  - JOLI BOIS;SINTE-ALEIDIS - MOOIBOS;21019;WOLUWE-SAINT-PIERRE;SINT-PIETERS-WOLUWE
536;"21019A20-";SAINT-PAUL;SINT-PAULUS;96;SAINT-PAUL;SINT-PAULUS;21019;WOLUWE-SAINT-PIERRE;SINT-PIETERS-WOLUWE
537;"21019A21-";MANOIR;MANOIR;96;SAINT-PAUL;SINT-PAULUS;21019;WOLUWE-SAINT-PIERRE;SINT-PIETERS-WOLUWE
538;"21019A242";VENELLES;DREVEKENS;96;SAINT-PAUL;SINT-PAULUS;21019;WOLUWE-SAINT-PIERRE;SINT-PIETERS-WOLUWE
539;"21019A252";MONTGOLFIER;MONTGOLFIER;96;SAINT-PAUL;SINT-PAULUS;21019;WOLUWE-SAINT-PIERRE;SINT-PIETERS-WOLUWE
540;"21019A42-";SALOME AVENUE;SALOMELAAN;96;SAINT-PAUL;SINT-PAULUS;21019;WOLUWE-SAINT-PIERRE;SINT-PIETERS-WOLUWE
541;"21019A441";FAISANDERIE;FAZANTENPARK;96;SAINT-PAUL;SINT-PAULUS;21019;WOLUWE-SAINT-PIERRE;SINT-PIETERS-WOLUWE
542;"21019A45-";HELICE (AVENUE DE L');SCHROEFLAAN;96;SAINT-PAUL;SINT-PAULUS;21019;WOLUWE-SAINT-PIERRE;SINT-PIETERS-WOLUWE
543;"21002A411";PUTDAAL;PUTDAAL;97;PUTDAAL;PUTDAAL;21002;AUDERGHEM;OUDERGEM
544;"21002A422";AVENUE IS.GERARD;IS. GERARDLAAN;97;PUTDAAL;PUTDAAL;21002;AUDERGHEM;OUDERGEM
545;"21019A22-";PUTDAAL;PUTDAAL;97;PUTDAAL;PUTDAAL;21019;WOLUWE-SAINT-PIERRE;SINT-PIETERS-WOLUWE
546;"21002A00-";CENTRE - NORD;CENTRUM-NOORD;98;AUDERGHEM CENTRE;OUDERGEM CENTRUM;21002;AUDERGHEM;OUDERGEM
547;"21002A01-";SAINTE-ANNE;SINT-ANNA;98;AUDERGHEM CENTRE;OUDERGEM CENTRUM;21002;AUDERGHEM;OUDERGEM
548;"21002A02-";CENTRE-SUD;CENTRUM-ZUID;98;AUDERGHEM CENTRE;OUDERGEM CENTRUM;21002;AUDERGHEM;OUDERGEM
549;"21002A041";VIGNETTE;KLEINE WIJNGAARD;98;AUDERGHEM CENTRE;OUDERGEM CENTRUM;21002;AUDERGHEM;OUDERGEM
550;"21002A072";CENTRE COMMERCIAL;HANDELSCENTRUM;98;AUDERGHEM CENTRE;OUDERGEM CENTRUM;21002;AUDERGHEM;OUDERGEM
551;"21002A43-";SOUVERAIN (BOULEVARD DU) NORD;VORSTLAAN-NORD;98;AUDERGHEM CENTRE;OUDERGEM CENTRUM;21002;AUDERGHEM;OUDERGEM
552;"21002A44K";CHANT D'OISEAUX;VOGELZANG;99;CHANT D'OISEAU;VOGELZANG;21002;AUDERGHEM;OUDERGEM
553;"21019A30-";EGLANTINES (AVENUE);EGELANTIERENLAAN;99;CHANT D'OISEAU;VOGELZANG;21019;WOLUWE-SAINT-PIERRE;SINT-PIETERS-WOLUWE
554;"21019A31-";BEMEL;BEMEL;99;CHANT D'OISEAU;VOGELZANG;21019;WOLUWE-SAINT-PIERRE;SINT-PIETERS-WOLUWE
555;"21019A32-";CHANT D'OISEAU;VOGELZANG;99;CHANT D'OISEAU;VOGELZANG;21019;WOLUWE-SAINT-PIERRE;SINT-PIETERS-WOLUWE
556;"21019A33-";MIMOSAS (AVENUE);MIMOSASLAAN;99;CHANT D'OISEAU;VOGELZANG;21019;WOLUWE-SAINT-PIERRE;SINT-PIETERS-WOLUWE
557;"21019A34-";EUROPE (QUARTIER DE L');EUROPAWIJK;99;CHANT D'OISEAU;VOGELZANG;21019;WOLUWE-SAINT-PIERRE;SINT-PIETERS-WOLUWE
558;"21019A35-";HORIZON (AVENUE);HORIZONLAAN;99;CHANT D'OISEAU;VOGELZANG;21019;WOLUWE-SAINT-PIERRE;SINT-PIETERS-WOLUWE
559;"21002A20-";SAINT-JULIEN;SINT-JULIAAN;100;CHAUSSEE DE WAVRE - SAINT-JULIEN;WAVERSTEENWEG - SINT-JULIAAN;21002;AUDERGHEM;OUDERGEM
560;"21002A21-";LEBON;LEBON;100;CHAUSSEE DE WAVRE - SAINT-JULIEN;WAVERSTEENWEG - SINT-JULIAAN;21002;AUDERGHEM;OUDERGEM
561;"21002A22-";CANARIS (AVENUE DES);KANARIELAAN;100;CHAUSSEE DE WAVRE - SAINT-JULIEN;WAVERSTEENWEG - SINT-JULIAAN;21002;AUDERGHEM;OUDERGEM
562;"21002A23-";TH. BALIS (PLACE);TH. BALIS PLEIN;100;CHAUSSEE DE WAVRE - SAINT-JULIEN;WAVERSTEENWEG - SINT-JULIAAN;21002;AUDERGHEM;OUDERGEM
563;"21002A24-";AVENUE DE BROUCKERE;DE BROUCKERELAAN;100;CHAUSSEE DE WAVRE - SAINT-JULIEN;WAVERSTEENWEG - SINT-JULIAAN;21002;AUDERGHEM;OUDERGEM
564;"21002A25-";WATERMAEL (CHAUSSEE DE);WATERMAALSE STEENWEG;100;CHAUSSEE DE WAVRE - SAINT-JULIEN;WAVERSTEENWEG - SINT-JULIAAN;21002;AUDERGHEM;OUDERGEM
565;"21002A30-";TRIOMPHE (BOULEVARD DU);TRIOMFLAAN;100;CHAUSSEE DE WAVRE - SAINT-JULIEN;WAVERSTEENWEG - SINT-JULIAAN;21002;AUDERGHEM;OUDERGEM
566;"21002A311";AMITIE (PLACE DE L');VRIENDSCHAPSLAAN;100;CHAUSSEE DE WAVRE - SAINT-JULIEN;WAVERSTEENWEG - SINT-JULIAAN;21002;AUDERGHEM;OUDERGEM
567;"21002A372";QUARTIER INDUSTRIE;INDUSTRIEWIJK;100;CHAUSSEE DE WAVRE - SAINT-JULIEN;WAVERSTEENWEG - SINT-JULIAAN;21002;AUDERGHEM;OUDERGEM
568;"21002A45-";VAL DUC;HERTOGENDAL;100;CHAUSSEE DE WAVRE - SAINT-JULIEN;WAVERSTEENWEG - SINT-JULIAAN;21002;AUDERGHEM;OUDERGEM
569;"21002A511";INVALIDES (BOULEVARD DES);INVALIDENLAAN;100;CHAUSSEE DE WAVRE - SAINT-JULIEN;WAVERSTEENWEG - SINT-JULIAAN;21002;AUDERGHEM;OUDERGEM
570;"21005A33-";CARDINAL LAVIGERIE (RUE);KARDINAAL LAVIGERIESTRAAT;100;CHAUSSEE DE WAVRE - SAINT-JULIEN;WAVERSTEENWEG - SINT-JULIAAN;21005;ETTERBEEK;ETTERBEEK
571;"21002A030";LAMMERENDRIES;LAMMERENDRIES;101;TROIS TILLEULS;DRIE LINDEN;21002;AUDERGHEM;OUDERGEM
572;"21017A11-";FLOREAL;FLOREAL;101;TROIS TILLEULS;DRIE LINDEN;21017;WATERMAEL-BOITSFORT;WATERMAAL-BOSVOORDE
573;"21017A12-";LE LOGIS-NORD;LOGIS-NOORD;101;TROIS TILLEULS;DRIE LINDEN;21017;WATERMAEL-BOITSFORT;WATERMAAL-BOSVOORDE
574;"21017A220";LE LOGIS-SUD;LOGIS-ZUID;101;TROIS TILLEULS;DRIE LINDEN;21017;WATERMAEL-BOITSFORT;WATERMAAL-BOSVOORDE
575;"21017A635";PRINCES BRABANCONS;BRABANTSE PRINSEN;101;TROIS TILLEULS;DRIE LINDEN;21017;WATERMAEL-BOITSFORT;WATERMAAL-BOSVOORDE
576;"21002A10-";TRANSVAAL;TRANSVAAL;102;TRANSVAAL;TRANSVAAL;21002;AUDERGHEM;OUDERGEM
577;"21002A11-";SACRE-COEUR;HEILIG-HART;102;TRANSVAAL;TRANSVAAL;21002;AUDERGHEM;OUDERGEM
578;"21002A12K";AVENUE SCHALLER;SCHALLERLAAN;102;TRANSVAAL;TRANSVAAL;21002;AUDERGHEM;OUDERGEM
579;"21002A13K";PARC DES PRINCES;PRINSENPARK;102;TRANSVAAL;TRANSVAAL;21002;AUDERGHEM;OUDERGEM
580;"21002A14-";TEN REUKEN;TEN REUKEN;102;TRANSVAAL;TRANSVAAL;21002;AUDERGHEM;OUDERGEM
581;"21002A15-";SOUVERAIN (BLV DU)- BUILDINGS;VORSTLAAN - FLATGEBOUWEN;102;TRANSVAAL;TRANSVAAL;21002;AUDERGHEM;OUDERGEM
582;"21017A000";CENTRE DE BOITSFORT;BOSVOORDE CENTRUM;103;BOITSFORT CENTRE;BOSVOORDE CENTRUM;21017;WATERMAEL-BOITSFORT;WATERMAAL-BOSVOORDE
583;"21017A01-";COIN DU BALAI;BEZEMHOEK;103;BOITSFORT CENTRE;BOSVOORDE CENTRUM;21017;WATERMAEL-BOITSFORT;WATERMAAL-BOSVOORDE
584;"21017A021";DREVE DES EQUIPAGES;JACHTSTOETDREEF;103;BOITSFORT CENTRE;BOSVOORDE CENTRUM;21017;WATERMAEL-BOITSFORT;WATERMAAL-BOSVOORDE
585;"21017A031";AVENUE DELLEUR;DELLEURLAAN;103;BOITSFORT CENTRE;BOSVOORDE CENTRUM;21017;WATERMAEL-BOITSFORT;WATERMAAL-BOSVOORDE
586;"21017A041";DREVE DU DUC;HERTOGENDREEF;103;BOITSFORT CENTRE;BOSVOORDE CENTRUM;21017;WATERMAEL-BOITSFORT;WATERMAAL-BOSVOORDE
587;"21017A08-";SOUVERAIN-EST;VORST-OOST;103;BOITSFORT CENTRE;BOSVOORDE CENTRUM;21017;WATERMAEL-BOITSFORT;WATERMAAL-BOSVOORDE
588;"21017A230";BEGUINETTES;PIEPELINGEN;103;BOITSFORT CENTRE;BOSVOORDE CENTRUM;21017;WATERMAEL-BOITSFORT;WATERMAAL-BOSVOORDE
589;"21017A240";SOUVERAIN-OUEST;VORST-WEST;103;BOITSFORT CENTRE;BOSVOORDE CENTRUM;21017;WATERMAEL-BOITSFORT;WATERMAAL-BOSVOORDE
590;"21002A52-";BEAULIEU;BEAULIEU;104;WATERMAEL CENTRE;WATERMAAL CENTRUM;21002;AUDERGHEM;OUDERGEM
591;"21002A53-";PECHERIES;VISSERIJEN;104;WATERMAEL CENTRE;WATERMAAL CENTRUM;21002;AUDERGHEM;OUDERGEM
592;"21017A13-";BOULEAUX;BERKEN;104;WATERMAEL CENTRE;WATERMAAL CENTRUM;21017;WATERMAEL-BOITSFORT;WATERMAAL-BOSVOORDE
593;"21017A192";STADE DES TROIS TILLEULS;DRIE LINDEN STADION;104;WATERMAEL CENTRE;WATERMAAL CENTRUM;21017;WATERMAEL-BOITSFORT;WATERMAAL-BOSVOORDE
594;"21017A212";AVENUE DE LA TENDERIE;VOGELVANGSTLAAN;104;WATERMAEL CENTRE;WATERMAAL CENTRUM;21017;WATERMAEL-BOITSFORT;WATERMAAL-BOSVOORDE
595;"21017A501";CENTRE DE WATERMAEL;WATERMAAL CENTRUM;104;WATERMAEL CENTRE;WATERMAAL CENTRUM;21017;WATERMAEL-BOITSFORT;WATERMAAL-BOSVOORDE
596;"21017A512";VANDER ELST - BIEN FAIRE;VANDER ELST - WELDOENSTRAAT;104;WATERMAEL CENTRE;WATERMAAL CENTRUM;21017;WATERMAEL-BOITSFORT;WATERMAAL-BOSVOORDE
597;"21017A52K";MARTIN-PECHEUR;IJSVOGEL;104;WATERMAEL CENTRE;WATERMAAL CENTRUM;21017;WATERMAEL-BOITSFORT;WATERMAAL-BOSVOORDE
598;"21017A534";RUE DES BEGONIAS;BEGONIASTRAAT;104;WATERMAEL CENTRE;WATERMAAL CENTRUM;21017;WATERMAEL-BOITSFORT;WATERMAAL-BOSVOORDE
599;"21017A541";LOUTRIER - WIENER;OTTERVANGER - WIENER;104;WATERMAEL CENTRE;WATERMAAL CENTRUM;21017;WATERMAEL-BOITSFORT;WATERMAAL-BOSVOORDE
600;"21017A61K";AVENUE DE TERCOIGNE;TERCOIGNELAAN;104;WATERMAEL CENTRE;WATERMAAL CENTRUM;21017;WATERMAEL-BOITSFORT;WATERMAAL-BOSVOORDE
601;"21017A624";PECHERIES;VISSERIJEN;104;WATERMAEL CENTRE;WATERMAAL CENTRUM;21017;WATERMAEL-BOITSFORT;WATERMAAL-BOSVOORDE
602;"21017A696";HERONNIERE;REIGERBOS;104;WATERMAEL CENTRE;WATERMAAL CENTRUM;21017;WATERMAEL-BOITSFORT;WATERMAAL-BOSVOORDE
603;"21004C63-";NATIONS (SQUARE DES);NATIENSQUARE;105;DRIES;DRIES;21004;BRUXELLES;BRUSSEL
604;"21009A83K";ERNOTE - AKAROVA;ERNOTE - AKAROVA;105;DRIES;DRIES;21009;IXELLES;ELSENE
605;"21009A83L";ERNOTTE - VARDA;ERNOTTE - VARDA;105;DRIES;DRIES;21009;IXELLES;ELSENE
606;"21017A312";CLOS DES CHENES;EIKHOVE;105;DRIES;DRIES;21017;WATERMAEL-BOITSFORT;WATERMAAL-BOSVOORDE
607;"21017A323";DREVE DES TUMULI;TUMULIDREEF;105;DRIES;DRIES;21017;WATERMAEL-BOITSFORT;WATERMAAL-BOSVOORDE
608;"21017A374";ZONING DE BUREAUX-SUD;KANTORENZONING-ZUID;105;DRIES;DRIES;21017;WATERMAEL-BOITSFORT;WATERMAAL-BOSVOORDE
609;"21017A421";WATERMAEL - STATION;WATERMAAL - STATION;105;DRIES;DRIES;21017;WATERMAEL-BOITSFORT;WATERMAAL-BOSVOORDE
610;"21017A432";DRIES;DRIES;105;DRIES;DRIES;21017;WATERMAEL-BOITSFORT;WATERMAAL-BOSVOORDE
611;"21017A443";VILLE-ET-FORET - ELAN;VILLE-ET-FORET - ELAND;105;DRIES;DRIES;21017;WATERMAEL-BOITSFORT;WATERMAAL-BOSVOORDE
612;"21017A451";FUTAIE;HOGEBOMEN;105;DRIES;DRIES;21017;WATERMAEL-BOITSFORT;WATERMAAL-BOSVOORDE
613;"21017A472";ZONING DE BUREAUX-NORD;KANTORENZONING-NOORD;105;DRIES;DRIES;21017;WATERMAEL-BOITSFORT;WATERMAAL-BOSVOORDE
614;"21004C61-";U.L.B.;V.U.B.;106;BOONDAEL;BOONDAAL;21004;BRUXELLES;BRUSSEL
615;"21004C62-";BOENDAAL-OUEST;BOENDAAL-WEST;106;BOONDAEL;BOONDAAL;21004;BRUXELLES;BRUSSEL
616;"21004C642";AVENUE FRANKLIN ROOSEVELT;FRANKLIN ROOSEVELTLAAN;106;BOONDAEL;BOONDAAL;21004;BRUXELLES;BRUSSEL
617;"21009A301";BOONDAEL-NORD;BOONDAEL-NOORD;106;BOONDAEL;BOONDAAL;21009;IXELLES;ELSENE
618;"21009A311";TREILLE (RUE DE LA);WIJNSTOKSTRAAT;106;BOONDAEL;BOONDAAL;21009;IXELLES;ELSENE
619;"21009A33-";SAINT-ADRIEN;SINT-ADRIAAN;106;BOONDAEL;BOONDAAL;21009;IXELLES;ELSENE
620;"21009A34-";STADE COMMUNAL;GEMEENTELIJK STADION;106;BOONDAEL;BOONDAAL;21009;IXELLES;ELSENE
621;"21009A80K";BOONDAEL-SUD;BOONDAEL-ZUID;106;BOONDAEL;BOONDAAL;21009;IXELLES;ELSENE
622;"21009A812";SCHOOLGAT;SCHOOLGAT;106;BOONDAEL;BOONDAAL;21009;IXELLES;ELSENE
623;"21009A82K";FORET;WOUD;106;BOONDAEL;BOONDAAL;21009;IXELLES;ELSENE
624;"21017A41-";AVENUE DE VISE;VISELAAN;106;BOONDAEL;BOONDAAL;21017;WATERMAEL-BOITSFORT;WATERMAAL-BOSVOORDE
625;"21009A20-";PETITE SUISSE (PLACE DE LA);KLEIN ZWITSERLANDPLEIN;107;UNIVERSITE;UNIVERSITEITSWIJK;21009;IXELLES;ELSENE
626;"21009A21-";ETE;ZOMER;107;UNIVERSITE;UNIVERSITEITSWIJK;21009;IXELLES;ELSENE
627;"21009A22K";UNIVERSITE;HOGESCHOOL;107;UNIVERSITE;UNIVERSITEITSWIJK;21009;IXELLES;ELSENE
628;"21009A2MK";CAMPUS UNIVERSITAIRE - VUB;UNIVERSITAIR CAMPUS - VUB;107;UNIVERSITE;UNIVERSITEITSWIJK;21009;IXELLES;ELSENE
629;"21009A2ML";CAMPUS UNIVERSITAIRE - ULB;UNIVERSITAIR CAMPUS - ULB;107;UNIVERSITE;UNIVERSITEITSWIJK;21009;IXELLES;ELSENE
630;"21009A2MM";ROGER LALLEMAND (AVENUE);ROGER LALLEMANDLAAN;107;UNIVERSITE;UNIVERSITEITSWIJK;21009;IXELLES;ELSENE
631;"21009A2MO";PLAINE (BOULEVARD DE LA);PLEINLAAN;107;UNIVERSITE;UNIVERSITEITSWIJK;21009;IXELLES;ELSENE
632;"21016A042";ECHEVINAGE;SCHEPENIJ;108;MONTJOIE - LANGEVELD;MONTJOIE - LANGEVELD;21016;UCCLE;UKKEL
633;"21016A232";BEAU SEJOUR;SCHOONVERBLIJF;108;MONTJOIE - LANGEVELD;MONTJOIE - LANGEVELD;21016;UCCLE;UKKEL
634;"21016A831";LONGCHAMP;LANGEVELD;108;MONTJOIE - LANGEVELD;MONTJOIE - LANGEVELD;21016;UCCLE;UKKEL
635;"21016A841";ZEECRABBE;ZEECRABBE;108;MONTJOIE - LANGEVELD;MONTJOIE - LANGEVELD;21016;UCCLE;UKKEL
636;"21016A10K";GROESELENBERG;GROESELENBERG;109;OBSERVATOIRE;OBSERVATORIUM;21016;UCCLE;UKKEL
637;"21016A111";VERT CHASSEUR;GROENE JAGER;109;OBSERVATOIRE;OBSERVATORIUM;21016;UCCLE;UKKEL
638;"21016A12-";HAMOIR;HAMOIR;109;OBSERVATOIRE;OBSERVATORIUM;21016;UCCLE;UKKEL
639;"21016A13-";OBSERVATOIRE;STERREWACHT;109;OBSERVATOIRE;OBSERVATORIUM;21016;UCCLE;UKKEL
640;"21016A214";ASTRONOMES;STERREKUNDIGEN;109;OBSERVATOIRE;OBSERVATORIUM;21016;UCCLE;UKKEL
641;"21016A22K";PTOLEMEE;PTOLEMEUS;109;OBSERVATOIRE;OBSERVATORIUM;21016;UCCLE;UKKEL
642;"21004C65-";VIVIER D'OIE;DIESDELLE;110;FORT JACO;FORT JACO;21004;BRUXELLES;BRUSSEL
643;"21016A31K";FORT JACO;FORT JACO;110;FORT JACO;FORT JACO;21016;UCCLE;UKKEL
644;"21016A32K";CHAUSSEE DE WATERLOO-EST;STEENWEG OP WATERLOO-OOST;110;FORT JACO;FORT JACO;21016;UCCLE;UKKEL
645;"21016A33K";CHAUSSEE DE WATERLOO-OUEST;STEENWEG OP WATERLOO-WEST;110;FORT JACO;FORT JACO;21016;UCCLE;UKKEL
646;"21016A34K";FOND;VRONERODE;111;VIVIER D'OIE;DIESDELLE;21016;UCCLE;UKKEL
647;"21016A52K";VERREWINKEL;VERREWINKEL;112;KRIEKENPUT - HOMBORCH - VERREWINKEL;KRIEKENPUT - HOMBORCH - VERREWINKEL;21016;UCCLE;UKKEL
648;"21016A61K";ENGELAND;ENGELAND;112;KRIEKENPUT - HOMBORCH - VERREWINKEL;KRIEKENPUT - HOMBORCH - VERREWINKEL;21016;UCCLE;UKKEL
649;"21016A620";KRIEKENPUT;KRIEKENPUT;112;KRIEKENPUT - HOMBORCH - VERREWINKEL;KRIEKENPUT - HOMBORCH - VERREWINKEL;21016;UCCLE;UKKEL
650;"21016A639";HOMBORCH;HOMBORCH;112;KRIEKENPUT - HOMBORCH - VERREWINKEL;KRIEKENPUT - HOMBORCH - VERREWINKEL;21016;UCCLE;UKKEL
651;"21016A40K";SAINT-JOB;SINT-JOB;113;SAINT-JOB KAUWBERG;SINT-JOB KAUWBERG;21016;UCCLE;UKKEL
652;"21016A41K";ALPHONSE XIII;ALPHONSE XIII;113;SAINT-JOB KAUWBERG;SINT-JOB KAUWBERG;21016;UCCLE;UKKEL
653;"21016A429";CARLOO;CARLOO;113;SAINT-JOB KAUWBERG;SINT-JOB KAUWBERG;21016;UCCLE;UKKEL
654;"21016A49K";KAUWBERG-ENGELAND;KAUWBERG-ENGELAND;113;SAINT-JOB KAUWBERG;SINT-JOB KAUWBERG;21016;UCCLE;UKKEL
655;"21016A49L";DOLEZ (AVENUE);DOLEZLAAN;113;SAINT-JOB KAUWBERG;SINT-JOB KAUWBERG;21016;UCCLE;UKKEL
656;"21016A49M";JACQUELINE HARPMAN (AVENUE);JACQUELINE HARPMANLAAN;113;SAINT-JOB KAUWBERG;SINT-JOB KAUWBERG;21016;UCCLE;UKKEL
657;"21016A01K";DIEWEG;DIEWEG;114;DIEWEG;DIEWEG;21016;UCCLE;UKKEL
658;"21016A44-";PECHERIE;VISSERIJ;114;DIEWEG;DIEWEG;21016;UCCLE;UKKEL
659;"21016A533";MOENSBERG;MOENSBERG;115;KALEVOET - MOENSBERG;KALEVOET - MOENSBERG;21016;UCCLE;UKKEL
660;"21016A60K";BOURDON;HORZEL;115;KALEVOET - MOENSBERG;KALEVOET - MOENSBERG;21016;UCCLE;UKKEL
661;"21016A64K";MOLENSTEEN;MOLENSTEEN;115;KALEVOET - MOENSBERG;KALEVOET - MOENSBERG;21016;UCCLE;UKKEL
662;"21016A65K";ALSEMBERG-SUD;ALSEMBERG-ZUID;115;KALEVOET - MOENSBERG;KALEVOET - MOENSBERG;21016;UCCLE;UKKEL
663;"21016A701";MERLO;MERLO;115;KALEVOET - MOENSBERG;KALEVOET - MOENSBERG;21016;UCCLE;UKKEL
664;"21016A71K";KEIENBEMPT;KEIENBEMPT;115;KALEVOET - MOENSBERG;KALEVOET - MOENSBERG;21016;UCCLE;UKKEL
665;"21016A72K";MELKRIEK;MELKRIEK;115;KALEVOET - MOENSBERG;KALEVOET - MOENSBERG;21016;UCCLE;UKKEL
666;"21016A731";ROETAERT;ROETAERT;115;KALEVOET - MOENSBERG;KALEVOET - MOENSBERG;21016;UCCLE;UKKEL
667;"21016A772";ZWARTEBEEK;ZWARTEBEEK;115;KALEVOET - MOENSBERG;KALEVOET - MOENSBERG;21016;UCCLE;UKKEL
668;"21016A00K";GLOBE-EST;GLOBE-OOST;116;GLOBE;GLOBE;21016;UCCLE;UKKEL
669;"21016A02K";ALSEMBERG-NORD;ALSEMBERG-NOORD;116;GLOBE;GLOBE;21016;UCCLE;UKKEL
670;"21016A03K";COGHEN;COGHEN;116;GLOBE;GLOBE;21016;UCCLE;UKKEL
671;"21016A90K";CENTRE-OUEST;CENTRUM-WEST;116;GLOBE;GLOBE;21016;UCCLE;UKKEL
672;"21016A91K";GLOBE-OUEST;GLOBE-WEST;116;GLOBE;GLOBE;21016;UCCLE;UKKEL
673;"21016A92K";WOLVENBERG;WOLVENBERG;116;GLOBE;GLOBE;21016;UCCLE;UKKEL
674;"21016A954";VOSSEGAT-EST;VOSSEGAT-OOST;116;GLOBE;GLOBE;21016;UCCLE;UKKEL
675;"21007A111";MESSIDOR I;MESSIDOR I;117;VOSSEGAT - ROOSENDAAL;VOSSEGAT - ROOSENDAAL;21007;FOREST;VORST
676;"21007A12-";HAVESKERCKE;HAVESKERKE;117;VOSSEGAT - ROOSENDAAL;VOSSEGAT - ROOSENDAAL;21007;FOREST;VORST
677;"21007A132";DENAYER (RUE);DENAYERSTRAAT;117;VOSSEGAT - ROOSENDAAL;VOSSEGAT - ROOSENDAAL;21007;FOREST;VORST
678;"21007A201";ROOSENDAEL (RUE);ROOSENDAALSTRAAT;117;VOSSEGAT - ROOSENDAAL;VOSSEGAT - ROOSENDAAL;21007;FOREST;VORST
679;"21007A21-";MAGNANERIE;MAGNANERIE;117;VOSSEGAT - ROOSENDAAL;VOSSEGAT - ROOSENDAAL;21007;FOREST;VORST
680;"21007A242";GLOBE;GLOBE;117;VOSSEGAT - ROOSENDAAL;VOSSEGAT - ROOSENDAAL;21007;FOREST;VORST
681;"21007A252";MESSIDOR II;MESSIDOR II;117;VOSSEGAT - ROOSENDAAL;VOSSEGAT - ROOSENDAAL;21007;FOREST;VORST
682;"21007A291";FOREST NATIONAL - STADE;VORST NATIONAAL - STADION;117;VOSSEGAT - ROOSENDAAL;VOSSEGAT - ROOSENDAAL;21007;FOREST;VORST
683;"21016A933";VOSSEGAT-OUEST;VOSSEGAT-WEST;117;VOSSEGAT - ROOSENDAAL;VOSSEGAT - ROOSENDAAL;21016;UCCLE;UKKEL
684;"21007A00K";CENTRE SAINT-DENIS;CENTRUM SINT-DENIJS;118;SAINT-DENIS - NEERSTALLE;SINT-DENIJS - NEERSTALLE;21007;FOREST;VORST
685;"21007A01-";CURE D'ARS;PASTOOR ARSWIJK;118;SAINT-DENIS - NEERSTALLE;SINT-DENIJS - NEERSTALLE;21007;FOREST;VORST
686;"21007A02-";STUART MERRIL;STUART MERRIL;118;SAINT-DENIS - NEERSTALLE;SINT-DENIJS - NEERSTALLE;21007;FOREST;VORST
687;"21007A03-";FOYER FORESTOIS - FAMILLE;VORSTSE HAARD - FAMILIE;118;SAINT-DENIS - NEERSTALLE;SINT-DENIJS - NEERSTALLE;21007;FOREST;VORST
688;"21007A04-";FOYER FORESTOIS - MADELON;VORSTSE HAARD - MADELON;118;SAINT-DENIS - NEERSTALLE;SINT-DENIJS - NEERSTALLE;21007;FOREST;VORST
689;"21007A05K";NEERSTALLE;NEERSTALLE;118;SAINT-DENIS - NEERSTALLE;SINT-DENIJS - NEERSTALLE;21007;FOREST;VORST
690;"21007A06-";KATANGA;KATANGA;118;SAINT-DENIS - NEERSTALLE;SINT-DENIJS - NEERSTALLE;21007;FOREST;VORST
691;"21006A48-";CIMETIERE BRUXELLES;KERKHOF BRUSSEL;700;CIMETIERE DE BRUXELLES;KERKHOF BRUSSEL;21006;EVERE;EVERE
692;"21009A29-";CIMETIERE;KERKHOF;701;CIMETIERE D'IXELLES;KERKHOF ELSENE;21009;IXELLES;ELSENE
693;"21016A69K";CIMETIERE - ST.-GILLES;KERKHOF - ST.-GILLES;702;CIMETIERE SAINT-GILLES;KERKHOF SINT-GILLIS;21016;UCCLE;UKKEL
694;"21004D6MJ";QUAI DES USINES-MONNOYER;FABRIEKSKAAI-MONNOYER;800;INDUSTRIE NORD;INDUSTRIE NOORD;21004;BRUXELLES;BRUSSEL
695;"21004F57K";MARLY-SUD;MARLY-ZUID;800;INDUSTRIE NORD;INDUSTRIE NOORD;21004;BRUXELLES;BRUSSEL
696;"21004F970";MARLY-NORD;MARLY-NOORD;800;INDUSTRIE NORD;INDUSTRIE NOORD;21004;BRUXELLES;BRUSSEL
697;"21004F9MK";NEDER-HEEMBEEK-NORD;NEDER-HEEMBEEK-NOORD;800;INDUSTRIE NORD;INDUSTRIE NOORD;21004;BRUXELLES;BRUSSEL
698;"21004F9ML";BRUYN (RUE);BRUYNSTRAAT;800;INDUSTRIE NORD;INDUSTRIE NOORD;21004;BRUXELLES;BRUSSEL
699;"21004G371";GARE DE FORMATION;VORMINGSSTATION;800;INDUSTRIE NORD;INDUSTRIE NOORD;21004;BRUXELLES;BRUSSEL
700;"21006A073";GARE DE FORMATION;VORMINGSSTATION;800;INDUSTRIE NORD;INDUSTRIE NOORD;21006;EVERE;EVERE
701;"21004G3NK";HAREN-SUD;HAREN-ZUID;801;INDUSTRIE OTAN;INDUSTRIE NATO;21004;BRUXELLES;BRUSSEL
702;"21004G3NL";EUROCONTROL;EUROCONTROL;801;INDUSTRIE OTAN;INDUSTRIE NATO;21004;BRUXELLES;BRUSSEL
703;"21004G3NM";BOURGET (AVENUE DU);BOURGETLAAN;801;INDUSTRIE OTAN;INDUSTRIE NATO;21004;BRUXELLES;BRUSSEL
704;"21006A37-";ZONE INDUSTRIELLE;INDUSTRIEZONE;801;INDUSTRIE OTAN;INDUSTRIE NATO;21006;EVERE;EVERE
705;"21002A39-";CHEMIN DE FER;SPOORWEG;802;DELTA;DELTA;21002;AUDERGHEM;OUDERGEM
706;"21002A572";DEPOT METRO;METRO DEPOT;802;DELTA;DELTA;21002;AUDERGHEM;OUDERGEM
707;"21001B3MK";DIGUE DU CANAL;VAARTDIJK;803;INDUSTRIE SUD;INDUSTRIE ZUID;21001;ANDERLECHT;ANDERLECHT
708;"21001B3ML";PETITE ILE - RIVE DROITE;KLEIN EILAND - RECHTEROEVER;803;INDUSTRIE SUD;INDUSTRIE ZUID;21001;ANDERLECHT;ANDERLECHT
709;"21007A07K";BERVOETS;BERVOETS;803;INDUSTRIE SUD;INDUSTRIE ZUID;21007;FOREST;VORST
710;"21007A07L";BOLLINCKX;BOLLINCKX;803;INDUSTRIE SUD;INDUSTRIE ZUID;21007;FOREST;VORST
711;"21007A082";BEMPT;BEMPT;803;INDUSTRIE SUD;INDUSTRIE ZUID;21007;FOREST;VORST
712;"21013A2MJ";GARE DU MIDI;ZUIDSTATION;804;GARE DU MIDI;ZUIDSTATION;21013;SAINT-GILLES;SINT-GILLIS
713;"21001A07-";BIRMINGHAM;BIRMINGHAM;805;INDUSTRIE BIRMINGHAM;INDUSTRIE BIRMINGHAM;21001;ANDERLECHT;ANDERLECHT
714;"21004E180";PARC DE LAEKEN;LAKENPARK;900;DOMAINE ROYAL LAEKEN;KONINKLIJK DOMEIN LAKEN;21004;BRUXELLES;BRUSSEL
715;"21004E292";AVENUE DES CROIX DU FEU;VUURKRUISENLAAN;900;DOMAINE ROYAL LAEKEN;KONINKLIJK DOMEIN LAKEN;21004;BRUXELLES;BRUSSEL
716;"21015A39-";JOSAPHAT (PARC);JOSAPHAT (PARK);901;PARC JOSAPHAT;JOSAPHATPARK;21015;SCHAERBEEK;SCHAARBEEK
717;"21014A18-";JARDIN BOTANIQUE;KRUIDTUIN;902;BOTANIQUE;KRUIDTUIN;21014;SAINT-JOSSE-TEN-NOODE;SINT-JOOST-TEN-NODE
718;"21004B49-";CINQUANTENAIRE (PARC DU);JUBELPARK;903;CINQUANTENAIRE;JUBELPARK;21004;BRUXELLES;BRUSSEL
719;"21005A29-";CINQUANTENAIRE (PARC);JUBELPARK;903;CINQUANTENAIRE;JUBELPARK;21005;ETTERBEEK;ETTERBEEK
720;"21004B29K";LEOPOLD (PARC);LEOPOLDPARK;904;PARC LEOPOLD;LEOPOLDPARK;21004;BRUXELLES;BRUSSEL
721;"21002A482";VAL DUCHESSE;HERTOGINNENDAL;905;PARC DE LA WOLUWE;PARK VAN WOLUWE;21002;AUDERGHEM;OUDERGEM
722;"21002A49K";WOLUWE PARC;WOLUWE PARK;905;PARC DE LA WOLUWE;PARK VAN WOLUWE;21002;AUDERGHEM;OUDERGEM
723;"21019A09-";WOLUWE (PARC DE);WOLUWEPARK;905;PARC DE LA WOLUWE;PARK VAN WOLUWE;21019;WOLUWE-SAINT-PIERRE;SINT-PIETERS-WOLUWE
724;"21019A28-";ETANGS MELLAERTS;MELLAERTS VIJVERS;905;PARC DE LA WOLUWE;PARK VAN WOLUWE;21019;WOLUWE-SAINT-PIERRE;SINT-PIETERS-WOLUWE
725;"21002A091";TROIS COULEURS;DRIEKLEUREN;906;FORET DE SOIGNES;ZONIENWOUD;21002;AUDERGHEM;OUDERGEM
726;"21002A18-";ROUGE CLOITRE;ROOD KLOOSTER;906;FORET DE SOIGNES;ZONIENWOUD;21002;AUDERGHEM;OUDERGEM
727;"21002A190";FORET DE SOIGNES;ZONIENWOUD;906;FORET DE SOIGNES;ZONIENWOUD;21002;AUDERGHEM;OUDERGEM
728;"21016A383";FORET DE SOIGNES LORRAINE-W.;ZONIENWOUD LOTHARINGEN-WEST;906;FORET DE SOIGNES;ZONIENWOUD;21016;UCCLE;UKKEL
729;"21016A39-";FORET DE SOIGNES LORRAINE-EST;ZONIENWOUD LOTHARINGEN-OOST;906;FORET DE SOIGNES;ZONIENWOUD;21016;UCCLE;UKKEL
730;"21017A09-";FORET DE SOIGNES;ZONIENWOUD;906;FORET DE SOIGNES;ZONIENWOUD;21017;WATERMAEL-BOITSFORT;WATERMAAL-BOSVOORDE
731;"21017A382";FORESTERIE;VORSTERIE;906;FORET DE SOIGNES;ZONIENWOUD;21017;WATERMAEL-BOITSFORT;WATERMAAL-BOSVOORDE
732;"21017A393";ETANGS DE BOITSFORT;VIJVERS VAN BOSVOORDE;906;FORET DE SOIGNES;ZONIENWOUD;21017;WATERMAEL-BOITSFORT;WATERMAAL-BOSVOORDE
733;"21019A492";BOIS;BOS;906;FORET DE SOIGNES;ZONIENWOUD;21019;WOLUWE-SAINT-PIERRE;SINT-PIETERS-WOLUWE
734;"21004C591";CAMBRE (BOIS DE LA);TER KAMERENBOS;907;BOIS DE LA CAMBRE;TER KAMERENBOS;21004;BRUXELLES;BRUSSEL
735;"21016A193";WOLVENDAEL;WOLVENDAAL;908;PARC WOLVENDAEL;WOLVENDAELPARK;21016;UCCLE;UKKEL
736;"21007A783";PARC DE FOREST;PARK VAN VORST;909;PARC DUDEN - PARC DE FOREST;DUDENPARK - PARK VAN VORST;21007;FOREST;VORST
737;"21007A79-";PARC DUDEN;DUDENPARK;909;PARC DUDEN - PARC DE FOREST;DUDENPARK - PARK VAN VORST;21007;FOREST;VORST
738;"21001A49K";ETANGS - PARC;VIJVERS - PARK;910;PARC DES ETANGS;VIJVERSPARK;21001;ANDERLECHT;ANDERLECHT
739;"21001A08-";ASTRID (PARC);ASTRID (PARK);911;PARC ASTRID;ASTRIDPARK;21001;ANDERLECHT;ANDERLECHT
740;"21001A982";PARC FORESTIER;BOSPARK;912;PARC FORESTIER;BOSPARK;21001;ANDERLECHT;ANDERLECHT
741;"21012A29-";MARIE-JOSE (PARC);MARIE-JOSE (PARK);913;PARC MARIE-JOSE;MARIE-JOSEPARK;21012;MOLENBEEK-SAINT-JEAN;SINT-JANS-MOLENBEEK
742;"21012A39K";DE RAEDT;DE RAEDT;914;SCHEUTBOS;SCHEUTBOS;21012;MOLENBEEK-SAINT-JEAN;SINT-JANS-MOLENBEEK
743;"21008A19K";BASILIQUE;BASILIEK;915;PARC ELISABETH;ELISABETHPARK;21008;GANSHOREN;GANSHOREN
744;"21011A29-";PARC ELISABETH;ELISABETHPARK;915;PARC ELISABETH;ELISABETHPARK;21011;KOEKELBERG;KOEKELBERG
745;"21008A29-";RIVIERE MOLENBEEK;MOLENBEEK RIVIER;916;BOIS DU LAARBEEK - POELBOS;LAARBEEKBOS - POELBOS;21008;GANSHOREN;GANSHOREN
746;"21010A49K";LAERBEEK (BOIS DE);LAARBEEKBOS;916;BOIS DU LAARBEEK - POELBOS;LAARBEEKBOS - POELBOS;21010;JETTE;JETTE
747;"21010A092";PARC DE LA JEUNESSE;JEUGDPARK;917;PARC BAUDOUIN - DIELEGEMBOS;BOUDEWIJNPARK - DIELEGEMBOS;21010;JETTE;JETTE
748;"21010A182";DIELEGEM (BOIS DE);DIELEGEMBOS;917;PARC BAUDOUIN - DIELEGEMBOS;BOUDEWIJNPARK - DIELEGEMBOS;21010;JETTE;JETTE
749;"21010A393";SACRE-COEUR;HEILIG HART;917;PARC BAUDOUIN - DIELEGEMBOS;BOUDEWIJNPARK - DIELEGEMBOS;21010;JETTE;JETTE